-0.000027, 0.000002, -0.000070, 0.000012
-0.000027, 0.000002, -0.000070, 0.000012
-0.000027, 0.000002, -0.000070, 0.000012
-0.000027, 0.000002, -0.000070, 0.000012
-0.000027, 0.000002, -0.000070, 0.000012
-0.000027, 0.000002, -0.000070, 0.000012
-0.000027, 0.000002, -0.000070, 0.000012
-0.000027, 0.000002, -0.000070, 0.000012
-0.000028, 0.000002, -0.000070, 0.000012
-0.000028, 0.000002, -0.000070, 0.000012
-0.000028, 0.000002, -0.000070, 0.000012
-0.000028, 0.000002, -0.000070, 0.000012
-0.000028, 0.000002, -0.000070, 0.000012
-0.000028, 0.000002, -0.000070, 0.000012
-0.000028, 0.000002, -0.000070, 0.000012
-0.000028, 0.000002, -0.000070, 0.000012
-0.000028, 0.000002, -0.000070, 0.000012
-0.000028, 0.000002, -0.000070, 0.000012
-0.000028, 0.000002, -0.000070, 0.000012
-0.000028, 0.000002, -0.000070, 0.000012
-0.000028, 0.000002, -0.000070, 0.000012
-0.000028, 0.000002, -0.000070, 0.000012
-0.000028, 0.000002, -0.000070, 0.000012
-0.000028, 0.000002, -0.000070, 0.000012
-0.000028, 0.000002, -0.000070, 0.000012
-0.000028, 0.000002, -0.000070, 0.000012
-0.000028, 0.000002, -0.000070, 0.000012
-0.000028, 0.000002, -0.000070, 0.000012
-0.000028, 0.000002, -0.000070, 0.000012
-0.000028, 0.000002, -0.000070, 0.000012
-0.000028, 0.000002, -0.000070, 0.000012
-0.000028, 0.000002, -0.000070, 0.000012
-0.000028, 0.000002, -0.000070, 0.000012
-0.000028, 0.000002, -0.000070, 0.000012
-0.000028, 0.000002, -0.000070, 0.000012
-0.000028, 0.000002, -0.000070, 0.000012
-0.000028, 0.000002, -0.000070, 0.000012
-0.000028, 0.000002, -0.000070, 0.000012
-0.000028, 0.000002, -0.000070, 0.000012
-0.000028, 0.000002, -0.000070, 0.000012
-0.000028, 0.000002, -0.000070, 0.000012
-0.000028, 0.000002, -0.000070, 0.000012
-0.000028, 0.000002, -0.000070, 0.000012
-0.000028, 0.000002, -0.000070, 0.000012
-0.000028, 0.000002, -0.000070, 0.000012
-0.000028, 0.000002, -0.000070, 0.000012
-0.000028, 0.000002, -0.000070, 0.000012
-0.000028, 0.000002, -0.000070, 0.000012
-0.000028, 0.000002, -0.000070, 0.000012
-0.000028, 0.000002, -0.000070, 0.000012
-0.000028, 0.000002, -0.000070, 0.000012
-0.000028, 0.000002, -0.000070, 0.000012
-0.000028, 0.000002, -0.000070, 0.000012
-0.000028, 0.000002, -0.000070, 0.000012
-0.000028, 0.000002, -0.000070, 0.000012
-0.000028, 0.000002, -0.000070, 0.000012
-0.000028, 0.000002, -0.000070, 0.000012
-0.000028, 0.000002, -0.000070, 0.000012
-0.000028, 0.000002, -0.000070, 0.000012
-0.000028, 0.000002, -0.000070, 0.000012
-0.000028, 0.000002, -0.000070, 0.000012
-0.000028, 0.000002, -0.000070, 0.000012
-0.000028, 0.000002, -0.000070, 0.000012
-0.000028, 0.000002, -0.000070, 0.000012
-0.000029, 0.000002, -0.000070, 0.000012
-0.000029, 0.000002, -0.000070, 0.000012
-0.000029, 0.000002, -0.000070, 0.000012
-0.000029, 0.000002, -0.000070, 0.000012
-0.000029, 0.000002, -0.000070, 0.000012
-0.000029, 0.000002, -0.000070, 0.000012
-0.000029, 0.000002, -0.000070, 0.000012
-0.000029, 0.000002, -0.000070, 0.000012
-0.000029, 0.000002, -0.000070, 0.000012
-0.000029, 0.000002, -0.000070, 0.000012
-0.000029, 0.000002, -0.000070, 0.000012
-0.000029, 0.000002, -0.000070, 0.000012
-0.000029, 0.000002, -0.000070, 0.000012
-0.000029, 0.000002, -0.000070, 0.000012
-0.000029, 0.000002, -0.000070, 0.000012
-0.000029, 0.000002, -0.000070, 0.000012
-0.000029, 0.000002, -0.000070, 0.000012
-0.000029, 0.000002, -0.000070, 0.000012
-0.000029, 0.000002, -0.000070, 0.000012
-0.000029, 0.000002, -0.000070, 0.000012
-0.000029, 0.000002, -0.000070, 0.000012
-0.000029, 0.000002, -0.000070, 0.000012
-0.000029, 0.000002, -0.000070, 0.000012
-0.000029, 0.000002, -0.000070, 0.000012
-0.000029, 0.000002, -0.000070, 0.000012
-0.000029, 0.000002, -0.000070, 0.000012
-0.000029, 0.000002, -0.000070, 0.000012
-0.000029, 0.000002, -0.000070, 0.000012
-0.000029, 0.000002, -0.000070, 0.000012
-0.000029, 0.000002, -0.000070, 0.000012
-0.000029, 0.000002, -0.000070, 0.000012
-0.000029, 0.000002, -0.000070, 0.000012
-0.000029, 0.000002, -0.000070, 0.000012
-0.000029, 0.000002, -0.000070, 0.000012
-0.000029, 0.000002, -0.000070, 0.000012
-0.000029, 0.000002, -0.000070, 0.000012
-0.000029, 0.000002, -0.000070, 0.000012
-0.000029, 0.000002, -0.000070, 0.000012
-0.000029, 0.000002, -0.000070, 0.000012
-0.000029, 0.000002, -0.000070, 0.000012
-0.000029, 0.000002, -0.000070, 0.000012
-0.000029, 0.000002, -0.000070, 0.000012
-0.000029, 0.000002, -0.000070, 0.000012
-0.000029, 0.000002, -0.000070, 0.000012
-0.000029, 0.000002, -0.000070, 0.000012
-0.000029, 0.000002, -0.000070, 0.000012
0.005057, -0.000002, 0.002905, 0.354484
0.025958, 0.000314, 0.023086, 0.817428
0.068105, 0.001637, 0.060389, 0.907841
0.128005, 0.007948, 0.146385, 0.884325
0.158311, 0.013122, 0.187687, 0.943443
0.196104, 0.021138, 0.236339, 0.987302
0.246695, 0.035173, 0.276931, 0.469112
0.258498, 0.038559, 0.279358, 0.309897
0.266018, 0.040713, 0.280248, 0.120091
0.269281, 0.041662, 0.280519, 0.003940
0.269291, 0.041664, 0.280415, 0.001397
0.269152, 0.041660, 0.280401, 0.007397
0.268308, 0.041469, 0.280222, 0.010501
0.278911, 0.044498, 0.256596, 0.489321
0.278911, 0.044498, 0.256596, 0.489321
0.328643, 0.056377, 0.313079, 0.741738
0.382432, 0.076279, 0.389138, 0.911252
0.419176, 0.092046, 0.440924, 0.905814
0.446880, 0.105935, 0.487692, 0.785432
0.481415, 0.124936, 0.513172, 0.337642
0.489787, 0.129660, 0.514934, 0.094834
0.490762, 0.130215, 0.514838, 0.006050
0.490810, 0.130243, 0.514857, 0.000012
0.490810, 0.130243, 0.514857, 0.000012
0.490811, 0.130242, 0.514868, 0.002752
0.490811, 0.130245, 0.514860, 0.002422
0.490810, 0.130243, 0.514878, 0.002454
0.490811, 0.130245, 0.514878, 0.002471
0.490810, 0.130243, 0.514892, 0.002477
0.496708, 0.133422, 0.529457, 0.433596
0.514201, 0.144116, 0.551214, 0.691268
0.542289, 0.162036, 0.582762, 0.838649
0.588626, 0.194445, 0.654783, 0.826759
0.619727, 0.219967, 0.714232, 0.871250
0.652503, 0.250133, 0.771018, 0.969950
0.671989, 0.269558, 0.800612, 0.983330
0.711429, 0.313448, 0.873606, 0.568207
0.722838, 0.327182, 0.879513, 0.331445
0.728514, 0.334052, 0.881130, 0.166152
0.730001, 0.335859, 0.881290, 0.000252
0.730002, 0.335861, 0.881286, 0.000013
0.730002, 0.335861, 0.881288, 0.000011
0.734650, 0.341394, 0.893404, 0.451196
0.749162, 0.360550, 0.901288, 0.708857
0.788191, 0.409735, 0.900270, 0.987065
0.813604, 0.441773, 0.900139, 1.001396
0.833865, 0.467315, 0.900412, 0.797770
0.858482, 0.498343, 0.899866, 0.389187
0.866000, 0.507799, 0.899493, 0.262964
0.884788, 0.532532, 0.912213, 0.722214
0.903394, 0.556523, 0.913850, 0.944386
0.926685, 0.586771, 0.914942, 0.996392
0.973001, 0.647010, 0.915497, 1.000375
0.987779, 0.666273, 0.915217, 0.764919
1.006999, 0.691219, 0.914290, 0.389028
1.018099, 0.705577, 0.913801, 0.187278
1.020195, 0.708306, 0.913754, 0.065542
1.020592, 0.708814, 0.913964, 0.003299
1.020592, 0.708814, 0.913976, 0.002718
1.021268, 0.709758, 0.912753, 0.147551
1.026407, 0.716421, 0.910404, 0.490937
1.063307, 0.763865, 0.910894, 0.972748
1.093107, 0.802311, 0.911840, 0.999607
1.100453, 0.811786, 0.911619, 1.002388
1.142073, 0.865544, 0.911681, 0.935130
1.181287, 0.916143, 0.911116, 0.998779
1.214974, 0.959574, 0.911055, 0.996413
1.230889, 0.980142, 0.910574, 0.996545
1.263937, 1.022700, 0.910115, 0.992224
1.292095, 1.058965, 0.910013, 1.002391
1.321593, 1.096957, 0.910593, 1.005459
1.364064, 1.151659, 0.910753, 0.994390
1.393386, 1.189452, 0.910637, 0.997722
1.414879, 1.217136, 0.910701, 1.006013
1.445349, 1.256387, 0.910651, 1.002732
1.475205, 1.294839, 0.910825, 0.793162
1.494596, 1.319821, 0.911078, 0.478777
1.508344, 1.337508, 0.912243, 0.479331
1.531371, 1.366790, 0.873019, 0.723393
1.556362, 1.395078, 0.824917, 0.866620
1.593456, 1.432882, 0.766978, 0.984379
1.612544, 1.451068, 0.734734, 0.963138
1.666365, 1.494733, 0.635288, 0.790190
1.680534, 1.505058, 0.623151, 0.619810
1.700146, 1.519141, 0.614908, 0.388018
1.713340, 1.528552, 0.612863, 0.142407
1.716100, 1.530503, 0.612588, 0.038135
1.717833, 1.531712, 0.612646, 0.024814
1.718027, 1.531838, 0.612702, 0.001894
1.741311, 1.547358, 0.604079, 0.690631
1.756731, 1.557998, 0.604796, 0.860492
1.794380, 1.584016, 0.603398, 0.976486
1.839508, 1.615105, 0.602500, 1.001772
1.882366, 1.644575, 0.602557, 0.996985
1.914412, 1.666599, 0.602959, 0.574147
1.930781, 1.677873, 0.602484, 0.369200
1.943147, 1.686271, 0.603417, 0.222837
1.973047, 1.708412, 0.609968, 0.748722
1.993326, 1.722562, 0.609041, 0.926063
2.028419, 1.747054, 0.609593, 0.998358
2.080080, 1.783127, 0.609511, 1.000896
2.111247, 1.804892, 0.609509, 1.001528
2.173623, 1.848412, 0.609544, 1.000719
2.199051, 1.866164, 0.609570, 0.997207
2.249514, 1.901412, 0.608691, 0.644244
2.261794, 1.909977, 0.608213, 0.483513
2.281685, 1.923822, 0.607734, 0.255848
2.292444, 1.931338, 0.602440, 0.601637
2.338709, 1.963027, 0.602421, 0.972596
2.363169, 1.979847, 0.602702, 0.992993
2.417479, 2.017237, 0.603090, 1.001846
2.443854, 2.035409, 0.603293, 0.998800
2.485057, 2.063784, 0.603036, 1.000757
2.535304, 2.098389, 0.602936, 0.998276
2.560019, 2.115402, 0.602939, 0.997984
2.608605, 2.148848, 0.602909, 0.964802
2.645191, 2.174036, 0.603394, 0.668640
2.684062, 2.200928, 0.603092, 0.945380
2.708224, 2.217576, 0.603781, 0.998048
2.762524, 2.255075, 0.604272, 0.998584
2.786413, 2.271578, 0.604709, 1.001403
2.844018, 2.311421, 0.605079, 1.000791
2.884957, 2.339756, 0.605814, 0.550673
2.899207, 2.349586, 0.605432, 0.590787
2.940276, 2.377985, 0.604391, 0.905005
2.963986, 2.394348, 0.604459, 0.989852
3.020710, 2.433542, 0.604322, 1.001713
3.045420, 2.450612, 0.604576, 1.001327
3.070930, 2.468237, 0.604968, 1.000994
3.123604, 2.504668, 0.605135, 1.000848
3.173737, 2.539366, 0.604652, 1.000257
3.204869, 2.560893, 0.604461, 0.847329
3.238378, 2.584025, 0.604250, 0.457766
3.249667, 2.591817, 0.603747, 0.333313
3.261899, 2.600217, 0.603767, 0.142818
3.264357, 2.601906, 0.603960, 0.034814
3.264628, 2.602100, 0.603785, 0.001183
3.264512, 2.602018, 0.603816, 0.008554
3.264298, 2.601871, 0.603850, 0.007196
3.264229, 2.601823, 0.603867, 0.006453
3.264142, 2.601762, 0.603900, 0.004974
3.264212, 2.601837, 0.603596, 0.031655
3.294089, 2.622282, 0.599908, 0.883315
3.317051, 2.638077, 0.601274, 0.967921
3.367714, 2.672891, 0.602321, 1.000364
3.391630, 2.689326, 0.602612, 1.001905
3.455110, 2.733046, 0.603280, 1.001128
3.486507, 2.754674, 0.602916, 0.713807
3.503122, 2.766099, 0.603207, 0.516436
3.522135, 2.779159, 0.602598, 0.174348
3.525826, 2.781694, 0.602501, 0.042421
3.526228, 2.781937, 0.602836, 0.029569
3.531490, 2.785533, 0.597643, 0.320356
3.545726, 2.794994, 0.577734, 0.594322
3.597447, 2.826374, 0.517338, 0.949187
3.625574, 2.841769, 0.473830, 0.857894
3.677527, 2.865576, 0.389597, 0.893801
3.712930, 2.879143, 0.349440, 0.643292
3.731499, 2.885840, 0.340641, 0.456407
3.754193, 2.893866, 0.337621, 0.294284
3.764823, 2.897600, 0.337207, 0.239786
3.764823, 2.897600, 0.337207, 0.239786
3.773256, 2.900559, 0.337084, 0.004363
3.773295, 2.900573, 0.337081, 0.000268
3.773294, 2.900572, 0.337091, 0.001037
3.773295, 2.900573, 0.337087, 0.000985
3.773295, 2.900573, 0.337091, 0.000925
3.773322, 2.900609, 0.336855, 0.029514
3.785435, 2.904620, 0.325422, 0.586064
3.838639, 2.922930, 0.327076, 0.926195
3.880133, 2.936986, 0.326636, 0.999520
3.911403, 2.947582, 0.326458, 0.999475
3.982701, 2.971730, 0.326786, 0.790579
4.005048, 2.979289, 0.327189, 0.404068
4.014411, 2.982462, 0.326924, 0.244395
4.022369, 2.985146, 0.326842, 0.008338
4.022352, 2.985140, 0.326795, 0.003466
4.022211, 2.985093, 0.326786, 0.003744
4.022251, 2.985056, 0.327013, 0.063514
4.027487, 2.986828, 0.322287, 0.305711
4.067930, 2.999180, 0.272737, 0.865489
4.103113, 3.008492, 0.241600, 0.929510
4.137861, 3.016353, 0.189787, 0.887877
4.190180, 3.024377, 0.126466, 0.566628
4.211897, 3.027042, 0.118703, 0.362231
4.220695, 3.028080, 0.117264, 0.294289
4.235305, 3.029789, 0.116473, 0.100981
4.237553, 3.030051, 0.116483, 0.021586
4.237940, 3.030098, 0.116359, 0.008940
4.238428, 3.030157, 0.116247, 0.009782
4.245975, 3.031080, 0.115617, 0.432476
4.266386, 3.033411, 0.114489, 0.860175
4.334504, 3.041396, 0.118647, 0.998963
4.378192, 3.046628, 0.119738, 1.001873
4.410981, 3.050583, 0.120547, 1.001458
4.486434, 3.059744, 0.120813, 0.976990
4.512615, 3.062921, 0.120622, 0.627371
4.530701, 3.065106, 0.121115, 0.406856
4.549210, 3.067325, 0.120521, 0.220013
4.562871, 3.068911, 0.108883, 0.496351
4.586408, 3.071101, 0.076984, 0.737290
4.614153, 3.072753, 0.046418, 0.901065
4.683596, 3.073198, -0.046087, 0.875549
4.713985, 3.071037, -0.091244, 0.878492
4.766165, 3.064597, -0.143688, 0.516887
4.782728, 3.062168, -0.148032, 0.358722
4.798690, 3.059802, -0.151340, 0.174672
4.822160, 3.055902, -0.165088, 0.812014
4.862305, 3.049314, -0.165752, 0.959357
4.896283, 3.043639, -0.165913, 0.994927
4.937703, 3.036687, -0.166300, 1.001561
5.013070, 3.024014, -0.164849, 0.597371
5.025946, 3.021863, -0.165702, 0.422511
5.046950, 3.018361, -0.165028, 0.163462
5.049656, 3.017909, -0.164924, 0.024487
5.049882, 3.017872, -0.165041, 0.000299
5.049885, 3.017871, -0.165042, 0.000359
5.055532, 3.016865, -0.151128, 0.434553
5.093475, 3.012243, -0.142210, 0.740126
5.119414, 3.008498, -0.143119, 0.942979
5.194779, 2.997657, -0.142914, 1.000966
5.223517, 2.993540, -0.142583, 1.001936
5.287720, 2.984360, -0.142067, 0.950498
5.315560, 2.980389, -0.142183, 0.961848
5.380334, 2.971076, -0.142378, 0.999197
5.414977, 2.966118, -0.142244, 1.003169
5.478311, 2.957035, -0.142511, 1.002116
5.516324, 2.951540, -0.142029, 0.896984
5.557991, 2.945560, -0.141228, 0.505983
5.572383, 2.943505, -0.141437, 0.339298
5.585053, 2.941692, -0.141641, 0.072289
5.586644, 2.941467, -0.141708, 0.026876
5.588642, 2.941181, -0.141647, 0.033230
5.596356, 2.940177, -0.130297, 0.450874
5.629550, 2.935919, -0.155774, 0.709730
5.681503, 2.925716, -0.225338, 0.873299
5.707073, 2.919412, -0.254322, 0.947231
5.773323, 2.899709, -0.342896, 0.959669
5.798405, 2.890113, -0.384109, 0.937207
5.837675, 2.873175, -0.419748, 0.459925
5.851534, 2.866956, -0.423378, 0.274331
5.865502, 2.860643, -0.424387, 0.345452
5.876528, 2.855658, -0.425500, 0.549644
5.896226, 2.846741, -0.424082, 0.849062
5.957841, 2.818815, -0.426158, 0.999689
6.024217, 2.788647, -0.426839, 1.001299
6.053378, 2.775386, -0.426948, 1.001152
6.082535, 2.762123, -0.426788, 1.000899
6.131528, 2.739840, -0.426519, 0.618983
6.146659, 2.732976, -0.427019, 0.436628
6.162760, 2.725646, -0.426623, 0.094371
6.168016, 2.723254, -0.426630, 0.306838
6.205701, 2.706110, -0.426982, 0.921031
6.263506, 2.679719, -0.428370, 0.994380
6.293447, 2.666027, -0.429337, 1.000343
6.348954, 2.640604, -0.429864, 1.001294
6.407188, 2.613916, -0.429895, 1.000722
6.435380, 2.600993, -0.429892, 1.002017
6.484457, 2.578490, -0.429650, 0.999035
6.512635, 2.565576, -0.429694, 0.998214
6.569935, 2.539311, -0.429762, 0.999671
6.600842, 2.525145, -0.429800, 1.000502
6.656301, 2.499699, -0.429320, 0.448790
6.666708, 2.494930, -0.429505, 0.366949
6.685070, 2.486519, -0.429460, 0.153595
6.687227, 2.485533, -0.429433, 0.032473
6.687507, 2.485407, -0.429571, 0.002308
6.694021, 2.482423, -0.425215, 0.524232
6.719173, 2.471162, -0.420044, 0.944316
6.756534, 2.454416, -0.420963, 0.990810
6.831343, 2.420881, -0.422175, 1.000968
6.859638, 2.408172, -0.422275, 1.000867
6.921701, 2.380284, -0.422180, 1.000693
6.949792, 2.367651, -0.422098, 0.944191
6.990031, 2.349598, -0.421896, 0.459107
7.000711, 2.344786, -0.421784, 0.235491
7.005390, 2.342632, -0.421773, 0.002208
7.005408, 2.342623, -0.421829, 0.006566
7.005416, 2.342620, -0.421816, 0.006280
7.005426, 2.342616, -0.421789, 0.006428
7.005447, 2.342614, -0.421797, 0.007217
7.005458, 2.342610, -0.421773, 0.007558
7.005463, 2.342600, -0.421700, 0.007521
7.005481, 2.342592, -0.421665, 0.008285
7.005509, 2.342579, -0.421795, 0.006914
7.006816, 2.341970, -0.421365, 0.180822
7.048993, 2.322509, -0.449931, 0.928193
7.077335, 2.308506, -0.491786, 0.845010
7.131085, 2.276470, -0.579124, 0.923789
7.158776, 2.257489, -0.620317, 1.008252
7.184344, 2.238667, -0.661855, 0.994070
7.229971, 2.199410, -0.748785, 0.675696
7.243709, 2.186423, -0.761375, 0.469815
7.262026, 2.168829, -0.767009, 0.215855
7.266689, 2.164332, -0.767314, 0.181987
7.272273, 2.158946, -0.767446, 0.138874
7.280313, 2.151195, -0.767548, 0.334860
7.293208, 2.138766, -0.767328, 0.608667
7.333412, 2.099912, -0.768073, 0.988450
7.368532, 2.065989, -0.768149, 1.002457
7.394447, 2.040953, -0.768210, 1.001733
7.443398, 1.993693, -0.768084, 0.999905
7.470012, 1.967983, -0.768180, 1.000304
7.494467, 1.944359, -0.768138, 0.997373
7.535801, 1.904400, -0.768711, 0.583114
7.546996, 1.893572, -0.768633, 0.438734
7.566792, 1.874433, -0.768399, 0.264157
7.571268, 1.870103, -0.768472, 0.123889
7.572423, 1.868984, -0.768436, 0.003622
7.572445, 1.868962, -0.768428, 0.002543
7.579218, 1.862426, -0.768367, 0.534358
7.599613, 1.842699, -0.767524, 0.961254
7.654477, 1.789879, -0.766283, 1.001853
7.678989, 1.766280, -0.766453, 0.998456
7.712867, 1.733655, -0.766735, 0.997543
7.760372, 1.687886, -0.766298, 1.000551
7.787272, 1.661986, -0.766502, 0.772973
7.815181, 1.635112, -0.766840, 0.408193
7.824526, 1.626096, -0.766987, 0.332854
7.831457, 1.619417, -0.766995, 0.289901
7.843952, 1.607382, -0.766881, 0.398680
7.856974, 1.594856, -0.766326, 0.783481
7.911621, 1.542313, -0.765628, 0.991767
7.933917, 1.520885, -0.765724, 0.999544
7.985166, 1.471659, -0.765158, 1.001106
8.007547, 1.450172, -0.765352, 1.000787
8.046960, 1.412324, -0.765124, 0.539127
8.062177, 1.397700, -0.765690, 0.650397
8.104546, 1.356934, -0.766029, 0.997746
8.128265, 1.334118, -0.765441, 0.994528
8.169131, 1.294744, -0.765661, 0.997156
8.203735, 1.261487, -0.765607, 0.997046
8.234805, 1.231752, -0.765829, 1.002926
8.271551, 1.196504, -0.765112, 0.782099
8.311380, 1.158259, -0.764906, 0.995207
8.335904, 1.134720, -0.764771, 0.997060
8.381752, 1.090784, -0.764988, 0.996583
8.406008, 1.067507, -0.764854, 0.917972
8.434186, 1.040462, -0.764894, 0.475003
8.443508, 1.031514, -0.765004, 0.335235
8.452207, 1.023162, -0.765046, 0.090129
8.454513, 1.020947, -0.765068, 0.029807
8.455266, 1.020224, -0.765067, 0.021778
8.456518, 1.019025, -0.765187, 0.160087
8.481387, 0.995147, -0.764668, 0.945427
8.530764, 0.947800, -0.764179, 1.003482
8.551695, 0.927737, -0.764035, 0.995663
8.584910, 0.895912, -0.763891, 0.995232
8.627442, 0.855188, -0.763702, 0.992597
8.665145, 0.819072, -0.763819, 0.573667
8.678008, 0.806753, -0.763824, 0.408846
8.686305, 0.798811, -0.763854, 0.275064
8.694254, 0.791179, -0.763884, 0.132993
8.696199, 0.789313, -0.763888, 0.035187
8.700878, 0.784827, -0.763858, 0.307916
8.735272, 0.751828, -0.765009, 0.957489
8.736673, 0.750483, -0.764992, 0.973073
8.790415, 0.698883, -0.764932, 0.997236
8.815617, 0.674710, -0.765105, 0.959292
8.849696, 0.641960, -0.765600, 0.483719
8.859521, 0.632519, -0.765727, 0.384423
8.875121, 0.617508, -0.765892, 0.256062
8.880094, 0.612719, -0.765795, 0.004361
8.880139, 0.612678, -0.765783, 0.004162
8.889517, 0.603678, -0.766008, 0.642169
8.910390, 0.583585, -0.765785, 0.980292
8.941122, 0.554034, -0.765774, 0.997489
8.987973, 0.509005, -0.765257, 1.002581
9.020450, 0.477860, -0.765457, 0.997102
9.073807, 0.426614, -0.763507, 0.990580
9.091519, 0.409662, -0.763316, 0.715352
9.115604, 0.386615, -0.763243, 0.393196
9.125939, 0.376732, -0.763163, 0.282253
9.136248, 0.366872, -0.763095, 0.140810
9.138753, 0.364520, -0.763404, 0.113176
9.146492, 0.357187, -0.754504, 0.457431
9.177613, 0.328972, -0.719544, 0.944693
9.197755, 0.311329, -0.688288, 0.893272
9.248300, 0.273747, -0.596108, 0.868887
9.270043, 0.259420, -0.560440, 0.887400
9.311124, 0.235019, -0.522804, 0.475538
9.331706, 0.223191, -0.519074, 0.275479
9.338160, 0.219507, -0.518404, 0.153619
9.340854, 0.217970, -0.518508, 0.010806
9.340948, 0.217903, -0.518318, 0.007876
9.340967, 0.217906, -0.518317, 0.009850
9.345205, 0.215505, -0.518028, 0.482296
9.395549, 0.186839, -0.517612, 0.992508
9.431120, 0.166586, -0.517514, 0.999337
9.461539, 0.149283, -0.517100, 0.997016
9.521485, 0.115215, -0.516814, 0.994560
9.568554, 0.088530, -0.514907, 1.015267
9.598964, 0.071331, -0.514739, 0.634531
9.626519, 0.055747, -0.514731, 0.261164
9.633876, 0.051581, -0.514039, 0.326444
9.651375, 0.041887, -0.498285, 0.725141
9.708310, 0.012549, -0.436393, 0.881665
9.739849, -0.001167, -0.386657, 0.852043
9.768445, -0.012021, -0.343918, 0.899258
9.809799, -0.025569, -0.288174, 1.028484
9.864403, -0.039739, -0.228772, 0.601751
9.882211, -0.043780, -0.222676, 0.396073
9.913448, -0.051169, -0.201902, 0.542098
9.937990, -0.055820, -0.169595, 0.688855
9.964805, -0.059939, -0.134823, 0.874664
10.024310, -0.065876, -0.067987, 0.957377
10.059185, -0.067519, -0.016215, 0.889929
10.097290, -0.066992, 0.041622, 0.908327
10.153465, -0.062947, 0.091788, 0.474983
10.166012, -0.061773, 0.094456, 0.338990
10.176569, -0.060780, 0.095187, 0.189574
10.183855, -0.060152, 0.096908, 0.189235
10.214145, -0.056805, 0.103391, 0.788874
10.245780, -0.053492, 0.105365, 0.929102
10.284474, -0.049381, 0.106539, 0.990237
10.357099, -0.041586, 0.107551, 0.997681
10.391934, -0.037813, 0.107736, 1.001209
10.461834, -0.030263, 0.108030, 0.825868
10.488239, -0.027400, 0.108222, 0.722732
10.519378, -0.024019, 0.107447, 0.980015
10.587665, -0.016719, 0.105648, 0.998435
10.626480, -0.012611, 0.105444, 1.000952
10.662300, -0.008818, 0.105544, 1.000719
10.724843, -0.002180, 0.103671, 0.473207
10.738050, -0.000810, 0.102891, 0.293222
10.745422, -0.000060, 0.103472, 0.091567
10.763621, 0.001745, 0.087320, 0.587400
10.785737, 0.003599, 0.086001, 0.772248
10.812747, 0.005931, 0.087433, 0.926742
10.885309, 0.012291, 0.087261, 1.001373
10.922203, 0.015514, 0.087119, 1.002319
10.973851, 0.020095, 0.086970, 0.433180
10.989272, 0.021449, 0.087447, 0.240735
10.996857, 0.022108, 0.087622, 0.309146
11.021983, 0.024271, 0.086466, 0.752516
11.079614, 0.029144, 0.083418, 0.985359
11.115350, 0.032120, 0.082773, 0.997716
11.164214, 0.036177, 0.082523, 1.001870
11.224522, 0.041194, 0.082283, 0.726047
11.246209, 0.042938, 0.081741, 0.479544
11.262522, 0.044270, 0.081156, 0.287686
11.270911, 0.045023, 0.079619, 0.251011
11.311284, 0.047983, 0.088569, 0.705235
11.344267, 0.051412, 0.140919, 0.792282
11.408209, 0.063611, 0.232074, 0.891400
11.435433, 0.070562, 0.266996, 0.983559
11.461604, 0.077906, 0.303536, 0.916472
11.502260, 0.091597, 0.339071, 0.324639
11.509703, 0.094155, 0.342223, 0.263538
11.545420, 0.107389, 0.352278, 0.784469
11.567829, 0.115646, 0.352794, 0.910701
11.629600, 0.138418, 0.353326, 1.000430
11.684056, 0.158509, 0.353730, 1.001675
11.717217, 0.170744, 0.353129, 0.593448
11.743701, 0.180467, 0.353008, 0.247743
11.749390, 0.182557, 0.353127, 0.135013
11.752076, 0.183545, 0.353127, 0.010681
11.755805, 0.184984, 0.354336, 0.282970
11.768778, 0.189947, 0.364179, 0.597225
11.787959, 0.197343, 0.373112, 0.804507
11.840962, 0.219901, 0.452453, 0.805134
11.864193, 0.231828, 0.490645, 0.844632
11.908942, 0.257582, 0.551472, 0.677531
11.934937, 0.273821, 0.563013, 0.391685
11.944066, 0.279599, 0.564953, 0.343115
11.960846, 0.290249, 0.566715, 0.186231
11.964831, 0.292785, 0.566789, 0.120940
11.968466, 0.295099, 0.566891, 0.018524
11.969668, 0.295939, 0.564924, 0.189566
12.008873, 0.320307, 0.554979, 0.924412
12.041759, 0.340751, 0.556079, 0.985575
12.065404, 0.355429, 0.556081, 0.998485
12.113831, 0.385537, 0.556155, 1.001501
12.171544, 0.421350, 0.557037, 0.789245
12.187476, 0.431453, 0.556193, 0.616922
12.228179, 0.457665, 0.593910, 0.808658
12.249294, 0.472275, 0.616444, 0.948546
12.303340, 0.513467, 0.699485, 0.909692
12.321369, 0.529205, 0.734623, 0.880020
12.370905, 0.578540, 0.826722, 1.019519
12.393332, 0.603485, 0.868896, 1.031704
12.424632, 0.649976, 0.891940, 0.640822
12.434059, 0.661132, 0.894874, 0.378857
12.442527, 0.671723, 0.896896, 0.057436
12.444060, 0.673633, 0.896731, 0.034344
12.444751, 0.674514, 0.896619, 0.014287
12.444829, 0.674616, 0.896528, 0.000023
12.444829, 0.674616, 0.896529, 0.000013
12.444828, 0.674617, 0.896535, 0.002019
12.448037, 0.678708, 0.907053, 0.382181
12.473638, 0.713587, 0.954240, 0.702419
12.493095, 0.741868, 0.982096, 0.937527
12.508732, 0.765426, 1.016994, 0.890299
12.537284, 0.817035, 1.106438, 0.891965
12.549718, 0.842924, 1.146761, 0.857454
12.566973, 0.883265, 1.175081, 0.428971
12.571171, 0.893367, 1.177931, 0.333800
12.578385, 0.910835, 1.178130, 0.389839
12.585641, 0.928315, 1.178023, 0.817586
12.609338, 0.985913, 1.181987, 0.997751
12.609338, 0.985913, 1.181987, 0.997751
12.638858, 1.058148, 1.184044, 0.997306
12.665626, 1.123967, 1.184364, 1.000373
12.684834, 1.171179, 1.184505, 0.989159
12.692806, 1.190776, 1.184277, 0.722864
12.705803, 1.222757, 1.183499, 0.276215
12.708148, 1.228500, 1.183381, 0.093961
12.708941, 1.230443, 1.183175, 0.005010
12.709045, 1.230695, 1.183154, 0.011503
12.711415, 1.236609, 1.185894, 0.376400
12.728579, 1.279680, 1.215526, 0.886637
12.737617, 1.304913, 1.254085, 0.835468
12.755628, 1.370788, 1.349086, 0.929345
12.763113, 1.407439, 1.392047, 1.037828
12.768726, 1.442035, 1.440542, 0.982220
12.773673, 1.512888, 1.550875, 0.874462
12.773779, 1.542496, 1.589487, 0.749130
12.773080, 1.568061, 1.603458, 0.507760
12.772088, 1.596126, 1.608245, 0.327964
12.771710, 1.606148, 1.609069, 0.236454
12.771493, 1.611806, 1.609227, 0.071020
12.771468, 1.612586, 1.609281, 0.006294
12.770638, 1.632226, 1.617471, 0.823710
12.767474, 1.684451, 1.668699, 0.850730
12.763672, 1.715830, 1.711944, 0.848489
12.758216, 1.748600, 1.757197, 0.893345
12.742912, 1.814868, 1.841499, 0.873762
12.735960, 1.839374, 1.860386, 0.552813
12.728045, 1.865245, 1.867259, 0.268948
12.726001, 1.871874, 1.867422, 0.100007
12.725290, 1.874265, 1.867715, 0.013068
12.725261, 1.874376, 1.867815, 0.000414
12.722693, 1.884349, 1.853113, 0.410689
12.719848, 1.899686, 1.857269, 0.548491
12.705958, 1.946792, 1.857493, 0.967423
12.696854, 1.977703, 1.856930, 0.987203
12.678150, 2.041384, 1.856455, 0.813090
12.670129, 2.068608, 1.857035, 0.503497
12.665962, 2.082734, 1.857469, 0.342834
12.662771, 2.093537, 1.857508, 0.211524
12.660684, 2.100591, 1.857058, 0.020591
12.660643, 2.100738, 1.857270, 0.001734
12.660777, 2.100288, 1.857312, 0.009325
12.659404, 2.104966, 1.857267, 0.306883
12.653966, 2.123498, 1.856576, 0.723899
12.635539, 2.186606, 1.853308, 0.995308
12.626429, 2.218084, 1.852594, 0.993905
12.607817, 2.282397, 1.851779, 1.001198
12.601433, 2.304510, 1.851978, 0.999995
12.581171, 2.374636, 1.852267, 0.658681
12.575872, 2.392988, 1.850932, 0.411402
12.572602, 2.404318, 1.851093, 0.255034
12.569852, 2.413850, 1.850957, 0.018854
12.569853, 2.413855, 1.851081, 0.005613
12.569927, 2.413608, 1.851062, 0.004863
12.568149, 2.419772, 1.851055, 0.342717
12.563595, 2.435635, 1.850583, 0.671605
12.545204, 2.499714, 1.849028, 0.993172
12.536471, 2.530299, 1.848673, 0.997916
12.518114, 2.594734, 1.847520, 0.999940
12.505811, 2.638026, 1.847686, 0.999490
12.495972, 2.672654, 1.847453, 1.000501
12.478494, 2.734228, 1.847706, 1.001019
12.468922, 2.767902, 1.847679, 1.000776
12.453405, 2.822463, 1.847714, 0.605514
12.449154, 2.837391, 1.847528, 0.387555
12.445420, 2.850627, 1.847808, 0.320427
12.435764, 2.884611, 1.847478, 0.763780
12.419238, 2.942804, 1.847287, 0.997248
12.410524, 2.973509, 1.847073, 1.001269
12.393050, 3.035096, 1.847438, 0.990915
12.384961, 3.063632, 1.847101, 0.728768
12.378530, 3.086332, 1.846918, 0.485676
12.371855, 3.110041, 1.846883, 0.355750
12.367244, 3.126315, 1.846962, 0.158447
12.366540, 3.128795, 1.846957, 0.034541
12.366448, 3.129108, 1.846830, 0.001944
12.365795, 3.131460, 1.847778, 0.283937
12.352320, 3.178489, 1.848927, 0.973255
12.335774, 3.236480, 1.848023, 1.001071
12.326463, 3.269200, 1.847301, 1.001132
12.315540, 3.307702, 1.846937, 1.000945
12.295755, 3.377605, 1.846921, 0.819697
12.290140, 3.397432, 1.846361, 0.551579
12.283516, 3.420818, 1.846010, 0.243869
12.281362, 3.428427, 1.845955, 0.147771
12.280483, 3.431551, 1.845919, 0.007884
12.280358, 3.431947, 1.845776, 0.045989
12.278791, 3.437452, 1.850235, 0.309557
12.264813, 3.481824, 1.898939, 0.929747
12.255135, 3.509354, 1.926826, 0.915234
12.234422, 3.558987, 2.007212, 0.853841
12.217467, 3.592746, 2.060891, 0.921680
12.203382, 3.618027, 2.099286, 0.974620
12.175453, 3.661821, 2.161480, 0.752571
12.153541, 3.691726, 2.173346, 0.234889
12.149980, 3.696895, 2.174440, 0.146822
12.148014, 3.699734, 2.174615, 0.002175
12.148080, 3.699640, 2.174656, 0.007324
12.148255, 3.699387, 2.174655, 0.008652
12.148516, 3.699008, 2.174652, 0.008645
12.147588, 3.700308, 2.174592, 0.159838
12.134678, 3.719025, 2.174077, 0.633206
12.117951, 3.743283, 2.174249, 0.963786
12.080858, 3.797191, 2.173251, 0.999542
12.062568, 3.823772, 2.173038, 0.882629
12.038052, 3.859441, 2.172936, 0.416465
12.029876, 3.871343, 2.173038, 0.326221
12.013187, 3.895609, 2.173190, 0.851558
11.991339, 3.927405, 2.172960, 0.988498
11.956353, 3.978201, 2.172211, 1.003730
11.936567, 4.007053, 2.172269, 0.997268
11.904267, 4.053861, 2.171604, 0.709769
11.884423, 4.082817, 2.171412, 0.396523
11.878346, 4.091679, 2.171047, 0.355747
11.866835, 4.108399, 2.174375, 0.893385
11.826979, 4.166465, 2.173358, 0.996982
11.807713, 4.194478, 2.173201, 0.996839
11.764168, 4.257995, 2.173243, 0.998476
11.745297, 4.285440, 2.173773, 0.672518
11.734842, 4.300621, 2.173648, 0.433113
11.723946, 4.316454, 2.173881, 0.124340
11.722509, 4.318535, 2.173842, 0.023986
11.722353, 4.318761, 2.173836, 0.001871
11.715317, 4.328767, 2.185521, 0.405801
11.703039, 4.345665, 2.211368, 0.697861
11.679370, 4.376222, 2.247835, 0.971156
11.642232, 4.419238, 2.327071, 0.861168
11.619651, 4.442000, 2.374072, 0.894938
11.592689, 4.466700, 2.423020, 0.990097
11.546766, 4.504184, 2.487147, 0.574017
11.533785, 4.514060, 2.492236, 0.399992
11.518162, 4.525835, 2.495086, 0.116234
11.517042, 4.526689, 2.495243, 0.007803
11.516986, 4.526732, 2.495268, 0.000143
11.516985, 4.526733, 2.495273, 0.000038
11.516913, 4.526739, 2.494928, 0.045188
11.508260, 4.533321, 2.476136, 0.482079
11.468085, 4.565536, 2.476820, 0.894047
11.441753, 4.586192, 2.476456, 0.982401
11.414501, 4.607577, 2.476201, 0.991725
11.356304, 4.653235, 2.476536, 1.001153
11.331107, 4.672997, 2.476439, 1.001123
11.298249, 4.698753, 2.475631, 0.693853
11.269681, 4.721221, 2.474902, 0.567259
11.248103, 4.738161, 2.475874, 0.880587
11.190802, 4.783012, 2.478722, 1.000821
11.163982, 4.803957, 2.479322, 0.998061
11.136342, 4.825489, 2.479769, 1.001649
11.077925, 4.871007, 2.479556, 1.000769
11.052390, 4.890926, 2.479936, 0.832106
11.019746, 4.916289, 2.478277, 0.613427
10.998382, 4.932965, 2.479082, 0.833962
10.969664, 4.955352, 2.480291, 0.987627
10.909842, 5.001808, 2.481838, 1.000262
10.882189, 5.023258, 2.482596, 1.000770
10.851319, 5.047150, 2.482923, 1.001097
10.789685, 5.094883, 2.482936, 0.971437
10.768763, 5.111047, 2.482244, 0.613919
10.753143, 5.123172, 2.481463, 0.380166
10.741327, 5.132332, 2.480915, 0.106970
10.739957, 5.133393, 2.480786, 0.002743
10.736855, 5.135784, 2.480476, 0.260944
10.698234, 5.165790, 2.482117, 0.931654
10.670176, 5.187498, 2.483339, 0.985123
10.640294, 5.210593, 2.483840, 0.996877
10.590381, 5.249124, 2.484509, 1.001694
10.538825, 5.288896, 2.484807, 1.014316
10.507796, 5.312818, 2.484855, 1.004900
10.470880, 5.341281, 2.484962, 1.019378
10.419131, 5.381183, 2.485076, 0.966627
10.394333, 5.400287, 2.484803, 0.587314
10.381480, 5.411399, 2.488396, 0.419797
10.373037, 5.417980, 2.489035, 0.202742
10.365158, 5.424010, 2.489161, 0.046872
10.364631, 5.424414, 2.489152, 0.002362
10.364723, 5.424344, 2.489144, 0.004118
10.364987, 5.424140, 2.489139, 0.006003
10.365169, 5.424003, 2.489146, 0.003497
10.365295, 5.423907, 2.489157, 0.002742
10.365461, 5.423779, 2.489153, 0.003428
10.365507, 5.423745, 2.489161, 0.001283
10.365547, 5.423713, 2.489156, 0.001944
10.365548, 5.423715, 2.489163, 0.001867
10.365541, 5.423719, 2.489156, 0.001642
10.365555, 5.423708, 2.489156, 0.001927
10.361518, 5.426683, 2.492390, 0.267952
10.349853, 5.435364, 2.508507, 0.555608
10.306027, 5.466095, 2.557417, 0.940733
10.304495, 5.467163, 2.559844, 0.940838
10.237602, 5.506076, 2.668928, 0.668886
10.221289, 5.514315, 2.679092, 0.479791
10.198420, 5.525613, 2.685360, 0.297598
10.190800, 5.529347, 2.686263, 0.245795
10.178554, 5.535339, 2.686912, 0.195678
10.171998, 5.538543, 2.687019, 0.178314
10.163133, 5.542875, 2.687090, 0.158915
10.159323, 5.544737, 2.687106, 0.151251
10.154515, 5.547087, 2.687162, 0.020300
10.154190, 5.547244, 2.687092, 0.000103
10.154190, 5.547244, 2.687092, 0.000134
10.154191, 5.547244, 2.687090, 0.000206
10.154192, 5.547243, 2.687090, 0.000687
10.154193, 5.547243, 2.687091, 0.000678
10.154195, 5.547242, 2.687093, 0.000653
10.154196, 5.547241, 2.687094, 0.000657
10.154199, 5.547240, 2.687101, 0.000674
10.154199, 5.547240, 2.687102, 0.000674
10.153826, 5.547414, 2.687187, 0.073643
10.145064, 5.551648, 2.695568, 0.422711
10.096876, 5.573266, 2.741793, 0.958298
10.074033, 5.582671, 2.772059, 0.882659
10.024995, 5.599413, 2.849371, 0.878950
9.971293, 5.613432, 2.916226, 0.677643
9.946442, 5.618960, 2.926407, 0.437920
9.933929, 5.621695, 2.928381, 0.348851
9.915773, 5.625644, 2.931445, 0.467355
9.889744, 5.631031, 2.937655, 0.940846
9.826406, 5.644160, 2.937657, 0.995584
9.793241, 5.651010, 2.937552, 1.001635
9.733519, 5.663395, 2.937682, 0.998857
9.673708, 5.675798, 2.937920, 1.003681
9.634153, 5.683967, 2.937864, 0.764442
9.614093, 5.688113, 2.937644, 0.533203
9.585017, 5.694136, 2.937744, 0.326074
9.575887, 5.696024, 2.937743, 0.270931
9.560619, 5.699181, 2.937769, 0.210230
9.553877, 5.700576, 2.937794, 0.184754
9.546593, 5.702081, 2.937801, 0.177753
9.536287, 5.704210, 2.937848, 0.157703
9.527616, 5.706002, 2.937864, 0.144241
9.521141, 5.707339, 2.937878, 0.126408
9.517826, 5.708024, 2.937895, 0.126315
9.509620, 5.709719, 2.937924, 0.113395
9.505744, 5.710518, 2.937940, 0.040539
9.505141, 5.710641, 2.937928, 0.009346
9.504854, 5.710699, 2.937924, 0.004469
9.504760, 5.710717, 2.937916, 0.001802
9.504637, 5.710743, 2.937920, 0.002508
9.504613, 5.710748, 2.937919, 0.001944
9.504613, 5.710748, 2.937918, 0.001535
9.497685, 5.712129, 2.943925, 0.332999
9.477366, 5.715956, 2.967170, 0.684478
9.446305, 5.720970, 2.992892, 0.949116
9.378036, 5.728396, 3.086009, 0.867086
9.344664, 5.729348, 3.134814, 0.905437
9.307429, 5.728697, -3.099922, 1.017386
9.246778, 5.723179, -3.037951, 0.653948
9.224210, 5.720402, -3.030419, 0.405641
9.213282, 5.719128, -3.028993, 0.260528
9.203378, 5.717952, -3.028674, 0.040254
9.202235, 5.717821, -3.028655, 0.039391
9.199240, 5.717493, -3.028686, 0.039108
9.198856, 5.717465, -3.028523, 0.001722
9.197428, 5.717041, -3.033510, 0.218180
9.163867, 5.715574, -3.045069, 0.634521
9.139017, 5.713167, -3.044695, 0.882635
9.072971, 5.706786, -3.045790, 1.002129
9.028134, 5.702493, -3.046828, 1.001446
8.993416, 5.699193, -3.047027, 0.956815
8.944314, 5.694540, -3.047475, 0.424249
8.926344, 5.692864, -3.046925, 0.734727
8.892558, 5.689661, -3.048478, 0.959871
8.819400, 5.682892, -3.050016, 1.001960
8.782529, 5.679492, -3.050026, 0.998038
8.745656, 5.676117, -3.049883, 0.997042
8.676926, 5.669801, -3.050166, 1.000555
8.637090, 5.666148, -3.050229, 1.001947
8.604224, 5.663140, -3.050242, 0.998456
8.531177, 5.656397, -3.050604, 0.998754
8.501046, 5.653632, -3.050039, 0.595213
8.476355, 5.651457, -3.050037, 0.417812
8.443824, 5.648966, -3.078462, 0.755477
8.411859, 5.647168, -3.101519, 0.927836
8.378020, 5.646446, 3.136201, 0.881140
8.311761, 5.650134, 3.042149, 0.920649
8.275668, 5.654544, 2.998829, 1.001756
8.237875, 5.660680, 2.947762, 0.981423
8.188611, 5.672107, 2.893188, 0.456890
8.175664, 5.675410, 2.888681, 0.227025
8.170657, 5.676705, 2.888028, 0.171322
8.163726, 5.678503, 2.887506, 0.013467
8.159495, 5.679590, 2.887478, 0.248019
8.145232, 5.683305, 2.887026, 0.539441
8.117503, 5.690509, 2.887007, 0.938631
8.081501, 5.699899, 2.886494, 0.992685
8.016097, 5.716992, 2.886314, 0.997382
7.948535, 5.734651, 2.885550, 0.956247
7.914147, 5.743634, 2.885375, 0.742335
7.878853, 5.752961, 2.885828, 0.878731
7.847983, 5.761023, 2.885799, 0.987512
7.775521, 5.779972, 2.886055, 0.998235
7.743650, 5.788351, 2.886097, 0.993014
7.690046, 5.802344, 2.886273, 0.548752
7.674876, 5.806294, 2.886198, 0.343733
7.664535, 5.808992, 2.886266, 0.206554
7.642924, 5.814623, 2.886112, 0.529784
7.622599, 5.819935, 2.886163, 0.851907
7.551219, 5.838606, 2.885396, 0.988144
7.512589, 5.848730, 2.885167, 0.998255
7.490058, 5.854658, 2.885271, 0.836308
7.455512, 5.863732, 2.884940, 0.439008
7.436131, 5.868832, 2.885134, 0.626522
7.380508, 5.883382, 2.885008, 0.992912
7.345016, 5.892686, 2.885157, 0.997211
7.280315, 5.909661, 2.884973, 1.001999
7.248397, 5.918055, 2.885080, 0.997889
7.186180, 5.934462, 2.885317, 0.558538
7.173022, 5.937905, 2.885315, 0.411107
7.163480, 5.940414, 2.885376, 0.249894
7.154558, 5.942760, 2.885427, 0.011145
7.154459, 5.942786, 2.885421, 0.000012
7.154459, 5.942786, 2.885419, 0.000570
7.152621, 5.943269, 2.885439, 0.152491
7.126868, 5.950018, 2.885171, 0.660464
7.098669, 5.957408, 2.885125, 0.964140
7.038347, 5.973244, 2.884851, 0.998189
7.005455, 5.981869, 2.885217, 1.002023
6.943553, 5.998140, 2.884754, 0.977371
6.900634, 6.009374, 2.884468, 0.626032
6.876188, 6.015770, 2.883541, 0.399576
6.858189, 6.020506, 2.883756, 0.749491
6.828985, 6.028050, 2.914258, 0.698545
6.779107, 6.037909, 2.978527, 0.870850
6.750853, 6.042077, 3.009050, 0.975749
6.688937, 6.048178, 3.089013, 0.914561
6.661579, 6.049046, 3.129202, 0.743076
6.628851, 6.049037, -3.131751, 0.287249
6.620728, 6.048947, -3.130002, 0.034830
6.619901, 6.048940, -3.129903, 0.072630
6.592367, 6.048609, -3.129594, 0.808867
6.550318, 6.048088, -3.129492, 0.993714
6.520599, 6.047734, -3.129910, 0.993473
6.487654, 6.047338, -3.129840, 0.996834
6.403664, 6.046384, -3.129880, 0.997689
6.354908, 6.045827, -3.128520, 0.675045
6.336219, 6.045614, -3.128200, 0.506858
6.319928, 6.045481, -3.127962, 0.284939
6.309428, 6.045344, -3.127855, 0.048984
6.293741, 6.045108, -3.128198, 0.487627
6.274734, 6.044859, -3.128045, 0.770479
6.211921, 6.044004, -3.127742, 0.997969
6.153924, 6.043207, -3.127945, 1.002057
6.119899, 6.042728, -3.127442, 1.001186
6.057426, 6.041812, -3.127194, 0.972687
6.024634, 6.041342, -3.127082, 0.964489
5.965880, 6.040470, -3.126917, 1.005151
5.932878, 6.040022, -3.126520, 0.997638
5.862293, 6.039096, -3.126317, 0.997725
5.832891, 6.038646, -3.126262, 0.828450
5.793308, 6.038038, -3.126216, 0.439446
5.764035, 6.037589, -3.126396, 0.874450
5.737425, 6.037198, -3.126755, 0.987206
5.661792, 6.036128, -3.127362, 1.002020
5.624758, 6.035602, -3.127475, 1.001187
5.552726, 6.034595, -3.128142, 1.000855
5.520750, 6.034162, -3.128124, 0.985455
5.474002, 6.033522, -3.127242, 0.452887
5.460052, 6.033319, -3.127236, 0.290013
5.450468, 6.033182, -3.127246, 0.189710
5.443843, 6.033088, -3.127241, 0.133633
5.430384, 6.032895, -3.127023, 0.416505
5.407055, 6.032556, -3.126870, 0.762780
5.324438, 6.031377, -3.127794, 0.988730
5.286553, 6.030850, -3.128034, 1.001428
5.249540, 6.030340, -3.128020, 1.000992
5.204508, 6.029727, -3.127771, 1.001879
5.150451, 6.028964, -3.127324, 0.391238
5.140750, 6.028836, -3.127286, 0.212334
5.136155, 6.028775, -3.127267, 0.032622
5.135855, 6.028772, -3.127269, 0.000014
5.134401, 6.028752, -3.127253, 0.131446
5.123191, 6.028590, -3.127302, 0.411025
5.071192, 6.027860, -3.127923, 0.981102
5.029528, 6.027294, -3.128225, 0.991713
4.991528, 6.026791, -3.128452, 0.999588
4.954488, 6.026304, -3.128802, 1.001403
4.883471, 6.025547, -3.128275, 0.857609
4.853498, 6.026087, -3.124103, 0.637201
4.831852, 6.025696, -3.122771, 0.688471
4.788836, 6.024886, -3.122849, 0.977070
4.717051, 6.023557, -3.122769, 1.002854
4.673441, 6.022726, -3.121661, 0.995794
4.640467, 6.022064, -3.121400, 1.002335
4.569486, 6.020607, -3.121457, 0.997314
4.524760, 6.019710, -3.120673, 0.997561
4.449801, 6.018138, -3.120849, 1.002113
4.415803, 6.017441, -3.120743, 1.002548
4.385384, 6.016821, -3.120464, 0.796797
4.341882, 6.016867, -3.115574, 0.341678
4.327435, 6.016521, -3.115688, 0.468075
4.305115, 6.015927, -3.116648, 0.616386
4.243476, 6.014356, -3.115440, 0.994514
4.208571, 6.013442, -3.115643, 1.002926
4.169661, 6.012449, -3.115984, 0.999481
4.090540, 6.010421, -3.116191, 0.794372
4.068785, 6.009877, -3.116536, 0.593572
4.047041, 6.009337, -3.114273, 0.721730
3.978937, 6.007446, -3.113715, 0.997791
3.941967, 6.006409, -3.113397, 1.000903
3.889959, 6.004943, -3.113302, 1.000668
3.854953, 6.003972, -3.113058, 1.000969
3.778968, 6.001804, -3.113163, 1.001466
3.742151, 6.000773, -3.112944, 0.858564
3.716802, 6.000052, -3.113458, 0.611044
3.683119, 5.999087, -3.113669, 0.316946
3.673389, 5.998816, -3.113651, 0.232058
3.667821, 5.998662, -3.113558, 0.076717
3.666919, 5.998634, -3.113698, 0.001791
3.664323, 5.998574, -3.111858, 0.317861
3.627034, 5.997250, -3.106101, 0.954317
3.599819, 5.996314, -3.106162, 0.985238
3.528980, 5.993846, -3.107576, 0.999505
3.497984, 5.992796, -3.108057, 1.000969
3.445306, 5.991015, -3.108157, 0.683887
3.410344, 5.989884, -3.108673, 0.371086
3.396333, 5.989433, -3.109271, 0.321501
3.380611, 5.988933, -3.110026, 0.294454
3.370676, 5.988633, -3.110383, 0.241122
3.348162, 5.987907, -3.111904, 0.769380
3.321986, 5.987213, -3.111754, 0.876266
3.252042, 5.985128, -3.111764, 1.000990
3.216035, 5.984051, -3.112145, 1.001275
3.152049, 5.982149, -3.112068, 1.000449
3.120058, 5.981202, -3.112006, 1.002583
3.052534, 5.979197, -3.111827, 0.769688
3.032088, 5.978559, -3.112477, 0.568627
3.015316, 5.978059, -3.112920, 0.414058
2.991138, 5.977361, -3.112768, 0.127758
2.988824, 5.977296, -3.113375, 0.015419
2.988666, 5.977290, -3.113300, 0.002569
2.988648, 5.977306, -3.113287, 0.011975
2.988660, 5.977325, -3.112983, 0.002016
2.979014, 5.977021, -3.109583, 0.677220
2.916495, 5.975048, -3.108741, 0.993979
2.886538, 5.974067, -3.108822, 0.995700
2.821557, 5.971906, -3.108747, 1.002974
2.783936, 5.970710, -3.109247, 0.933327
2.741952, 5.969285, -3.111000, 0.445517
2.705926, 5.968568, -3.137725, 0.649984
2.675853, 5.968952, 3.111082, 0.822030
2.637165, 5.970861, 3.073310, 0.979895
2.582207, 5.976463, 2.995066, 0.885637
2.540185, 5.984116, 2.933466, 0.920788
2.494940, 5.995029, 2.879296, 0.733938
2.464274, 6.003522, 2.866099, 0.447824
2.445435, 6.008869, 2.863455, 0.367305
2.434706, 6.011936, 2.862714, 0.306578
2.421203, 6.015805, 2.862322, 0.115011
2.419698, 6.016237, 2.862331, 0.030012
2.419431, 6.016314, 2.862308, 0.003434
2.404318, 6.020682, 2.859340, 0.820228
2.374477, 6.029338, 2.859940, 0.978628
2.337254, 6.040106, 2.860062, 0.998640
2.274807, 6.058156, 2.860286, 0.997521
2.224843, 6.072599, 2.860208, 0.993354
2.198393, 6.080232, 2.860065, 0.702006
2.165659, 6.089700, 2.860100, 0.347534
2.151643, 6.093734, 2.859957, 0.470248
2.103715, 6.107582, 2.859976, 0.970745
2.073279, 6.116390, 2.859985, 1.000303
2.036897, 6.126912, 2.860322, 0.992318
1.976420, 6.144405, 2.859492, 1.001298
1.913002, 6.162805, 2.859532, 0.768917
1.887145, 6.170276, 2.858375, 0.528206
1.853441, 6.180086, 2.858056, 0.937275
1.795767, 6.196896, 2.858233, 0.996280
1.749668, 6.210305, 2.857954, 1.002117
1.720891, 6.218740, 2.858011, 1.002985
1.650673, 6.239142, 2.859484, 1.009420
1.611594, 6.250469, 2.859737, 1.005967
1.575917, 6.260797, 2.858882, 0.664049
1.550702, 6.268131, 2.858920, 0.928330
1.503368, 6.281862, 2.858964, 1.005635
1.439998, 6.300241, 2.859268, 1.002796
1.381392, 6.317222, 2.859165, 0.997616
1.349805, 6.326536, 2.860249, 0.810723
1.331305, 6.331842, 2.860250, 0.594329
1.301746, 6.340426, 2.861397, 0.166497
1.296083, 6.342034, 2.861321, 0.255852
1.260942, 6.352220, 2.862100, 0.794270
1.229144, 6.361342, 2.862677, 0.981857
1.192770, 6.371741, 2.863233, 0.998733
1.121620, 6.392063, 2.863042, 0.997951
1.084106, 6.402836, 2.862158, 0.625689
1.069110, 6.407155, 2.862077, 0.459772
1.043012, 6.414647, 2.862274, 0.304445
1.032524, 6.417812, 2.862468, 0.107972
1.031082, 6.418230, 2.862572, 0.007797
1.030990, 6.418259, 2.862571, 0.003834
1.030980, 6.418264, 2.862609, 0.004241
1.030972, 6.418264, 2.862596, 0.004408
1.030972, 6.418269, 2.862641, 0.004451
1.030965, 6.418267, 2.862622, 0.004627
1.030236, 6.418470, 2.862077, 0.132001
1.019924, 6.421371, 2.868986, 0.603456
0.990267, 6.429382, 2.889583, 0.921379
0.948768, 6.439074, 2.945796, 0.835376
0.875798, 6.449673, 3.046800, 0.965606
0.846303, 6.452002, 3.084776, 1.041942
0.786338, 6.452838, -3.125895, 0.503145
0.772767, 6.452554, -3.121410, 0.382808
0.753999, 6.452091, -3.118413, 0.600934
0.718369, 6.451216, -3.116652, 0.938590
0.652159, 6.449552, -3.115439, 0.995135
0.613245, 6.448532, -3.115164, 1.000099
0.567242, 6.447319, -3.115474, 1.001016
0.499204, 6.445531, -3.114991, 1.001010
0.467101, 6.444686, -3.114355, 0.667706
0.431960, 6.443716, -3.113356, 0.410379
0.406305, 6.442974, -3.114131, 0.697771
0.379618, 6.442224, -3.114384, 0.943037
0.343219, 6.441239, -3.114912, 1.000926
0.269540, 6.439322, -3.115949, 1.001353
0.216524, 6.437963, -3.116414, 1.000965
0.179508, 6.437033, -3.116206, 1.001108
0.125537, 6.435655, -3.115771, 0.433213
0.124679, 6.435632, -3.115780, 0.441730
0.078997, 6.434458, -3.116197, 0.845679
0.043995, 6.433576, -3.116585, 0.985622
-0.034799, 6.431618, -3.117595, 0.998571
-0.091812, 6.430278, -3.118551, 1.001211
-0.126826, 6.429465, -3.118410, 1.000905
-0.166840, 6.428539, -3.118345, 0.996707
-0.217410, 6.427334, -3.117827, 0.496227
-0.217410, 6.427334, -3.117827, 0.496227
-0.241842, 6.426754, -3.118020, 0.169619
-0.246270, 6.426656, -3.117981, 0.140659
-0.253444, 6.426489, -3.117950, 0.079243
-0.261977, 6.426290, -3.118202, 0.361832
-0.298294, 6.425427, -3.118101, 0.931213
-0.333381, 6.424619, -3.118525, 0.984227
-0.413988, 6.422797, -3.119624, 0.998381
-0.446008, 6.422091, -3.119998, 0.999456
-0.484027, 6.421275, -3.120259, 1.001301
-0.538173, 6.420123, -3.121003, 0.314240
-0.546137, 6.419965, -3.120970, 0.165270
-0.549920, 6.419892, -3.120980, 0.024857
-0.550155, 6.419888, -3.120959, 0.000307
-0.550157, 6.419888, -3.120958, 0.000413
-0.552123, 6.419840, -3.121062, 0.156186
-0.562917, 6.419624, -3.121044, 0.431513
-0.630456, 6.418254, -3.121596, 0.995482
-0.664138, 6.417585, -3.121769, 0.998715
-0.703125, 6.416819, -3.122038, 1.000732
-0.748152, 6.415922, -3.122077, 0.998572
-0.806366, 6.414772, -3.122344, 0.590536
-0.829425, 6.414284, -3.123971, 0.526387
-0.858808, 6.413804, -3.124428, 0.936450
-0.900584, 6.413107, -3.124230, 0.996866
-0.974537, 6.411806, -3.123917, 1.004087
-1.015531, 6.411224, -3.123409, 0.993538
-1.051981, 6.410581, -3.123401, 0.985227
-1.132107, 6.409109, -3.123432, 0.921385
-1.163713, 6.408540, -3.123912, 0.641976
-1.183203, 6.408171, -3.124589, 0.457096
-1.198851, 6.407902, -3.124859, 0.364245
-1.214288, 6.407665, -3.125003, 0.315094
-1.230099, 6.407435, -3.124912, 0.031106
-1.233759, 6.407361, -3.125064, 0.388157
-1.263599, 6.406883, -3.124927, 0.969785
-1.343992, 6.405568, -3.124757, 1.003114
-1.392975, 6.404744, -3.125227, 0.996785
-1.423978, 6.404191, -3.125255, 1.003661
-1.461481, 6.403569, -3.124753, 0.980448
-1.525891, 6.402638, -3.125042, 0.555769
-1.544652, 6.402341, -3.124692, 0.393453
-1.562128, 6.402045, -3.124611, 0.585870
-1.600569, 6.401401, -3.124596, 0.987185
-1.670219, 6.400220, -3.124811, 1.000934
-1.716197, 6.399420, -3.124678, 1.002432
-1.751190, 6.398790, -3.124909, 0.996565
-1.832131, 6.397396, -3.124322, 1.008792
-1.866271, 6.396807, -3.124423, 0.606676
-1.889309, 6.396403, -3.124424, 0.362589
-1.900098, 6.396218, -3.124463, 0.369003
-1.918743, 6.395895, -3.124474, 0.676808
-1.992594, 6.394629, -3.124423, 0.978749
-2.028290, 6.394020, -3.124443, 0.994976
-2.068299, 6.393341, -3.124059, 0.996951
-2.116330, 6.392486, -3.123788, 1.000896
-2.194863, 6.391074, -3.123628, 0.706484
-2.213916, 6.390728, -3.123240, 0.531267
-2.231241, 6.390406, -3.122775, 0.376124
-2.249484, 6.390058, -3.123015, 0.146730
-2.255426, 6.389947, -3.123014, 0.121904
-2.258877, 6.389882, -3.122980, 0.103213
-2.266906, 6.389745, -3.122816, 0.348346
-2.316100, 6.388840, -3.123222, 0.967675
-2.352614, 6.388168, -3.123362, 0.987634
-2.390576, 6.387470, -3.123247, 1.002359
-2.467627, 6.386071, -3.123436, 1.001096
-2.508535, 6.385270, -3.123371, 0.841228
-2.530669, 6.384924, -3.123700, 0.433752
-2.545000, 6.384678, -3.123729, 0.176702
-2.548547, 6.384618, -3.123743, 0.000377
-2.548550, 6.384618, -3.123743, 0.000016
-2.548549, 6.384618, -3.123743, 0.000019
-2.551089, 6.384543, -3.123923, 0.176245
-2.583589, 6.383965, -3.123593, 0.794278
-2.620910, 6.383306, -3.123626, 0.994884
-2.655693, 6.382673, -3.123647, 0.994965
-2.704704, 6.381796, -3.123924, 1.001143
-2.772769, 6.380595, -3.123981, 0.882923
-2.801366, 6.380056, -3.124556, 0.635119
-2.832643, 6.379501, -3.123582, 0.905926
-2.892731, 6.378408, -3.123749, 0.998019
-2.924716, 6.377844, -3.124107, 0.998338
-2.996704, 6.376573, -3.123713, 0.996187
-3.034479, 6.375880, -3.122858, 0.992865
-3.077391, 6.375053, -3.122355, 1.005350
-3.146402, 6.373805, -3.121454, 0.902026
-3.175887, 6.373204, -3.121626, 0.813953
-3.216578, 6.372402, -3.121194, 0.945975
-3.284454, 6.371001, -3.120792, 1.005265
-3.321495, 6.370229, -3.120758, 1.001572
-3.390291, 6.368791, -3.120754, 1.001596
-3.433711, 6.367884, -3.120640, 1.004923
-3.468728, 6.367153, -3.120637, 0.998031
-3.499714, 6.366498, -3.120633, 0.996976
-3.584849, 6.364717, -3.120644, 1.007997
-3.621930, 6.363938, -3.120583, 1.001080
-3.668997, 6.362902, -3.120847, 0.850315
-3.715473, 6.361954, -3.121085, 0.728848
-3.741642, 6.361431, -3.121477, 0.859713
-3.781548, 6.360629, -3.121806, 0.995921
-3.850501, 6.359271, -3.122034, 0.999517
-3.886497, 6.358573, -3.122306, 1.001165
-3.929516, 6.357750, -3.122551, 0.997890
-4.001523, 6.356364, -3.122272, 0.985180
-4.026729, 6.355874, -3.122128, 0.576807
-4.044658, 6.355524, -3.122297, 0.329544
-4.057790, 6.355292, -3.122213, 0.020265
-4.057948, 6.355290, -3.122185, 0.002254
-4.058486, 6.355257, -3.122245, 0.090948
-4.091892, 6.354619, -3.122007, 0.798478
-4.119518, 6.354085, -3.122025, 0.974738
-4.193714, 6.352640, -3.122087, 0.995754
-4.228734, 6.351953, -3.122287, 0.997955
-4.263755, 6.351279, -3.122826, 0.997727
-4.310302, 6.350387, -3.123073, 0.816558
-4.353352, 6.349632, -3.123666, 0.642698
-4.376311, 6.349220, -3.123646, 0.867552
-4.450018, 6.347934, -3.123471, 0.997501
-4.497434, 6.347096, -3.123658, 0.984114
-4.528458, 6.346533, -3.123682, 1.023075
-4.602810, 6.345209, -3.123768, 1.002506
-4.633498, 6.344677, -3.123843, 0.977532
-4.666750, 6.344086, -3.123812, 0.986918
-4.753160, 6.342541, -3.123812, 1.002195
-4.789648, 6.341890, -3.123731, 0.785387
-4.813181, 6.341472, -3.123712, 0.533134
-4.832369, 6.341130, -3.123661, 0.281678
-4.841368, 6.340984, -3.123608, 0.006465
-4.841427, 6.340983, -3.123606, 0.000117
-4.841427, 6.340983, -3.123606, 0.000012
-4.841427, 6.340983, -3.123608, 0.000347
-4.841426, 6.340983, -3.123606, 0.000373
-4.841426, 6.340983, -3.123608, 0.000416
-4.841426, 6.340983, -3.123607, 0.000412
-4.857317, 6.340698, -3.123587, 0.485857
-4.877679, 6.340330, -3.123553, 0.834885
-4.913076, 6.339696, -3.123616, 0.990018
-4.973546, 6.338603, -3.124182, 0.993948
-5.028529, 6.337636, -3.124190, 0.997792
-5.072538, 6.336916, -3.124185, 0.997503
-5.124875, 6.336005, -3.124413, 0.988350
-5.173054, 6.335176, -3.124390, 1.003972
-5.173054, 6.335176, -3.124390, 1.003972
-5.247806, 6.333911, -3.124731, 0.451362
-5.267131, 6.333589, -3.124581, 0.363034
-5.284040, 6.333302, -3.124661, 0.242339
-5.293604, 6.333127, -3.125396, 0.288922
-5.322903, 6.332648, -3.119756, 0.916499
-5.363994, 6.331007, -3.072415, 0.816082
-5.405854, 6.326894, -3.016241, 0.892395
-5.451331, 6.319834, -2.960727, 1.012561
-5.509289, 6.307485, -2.907581, 0.975255
-5.555070, 6.296158, -2.892836, 1.026674
-5.620568, 6.279247, -2.885766, 1.001959
-5.643818, 6.273159, -2.884858, 0.999520
-5.698650, 6.258760, -2.883665, 0.959264
-5.747102, 6.245968, -2.883808, 0.803467
-5.772861, 6.239188, -2.884280, 0.981661
-5.839391, 6.221714, -2.885250, 1.001480
-5.888762, 6.208779, -2.885703, 1.001070
-5.914897, 6.201941, -2.885881, 1.000800
-5.970081, 6.187511, -2.885667, 1.000955
-6.015553, 6.175615, -2.885637, 0.997531
-6.076556, 6.159650, -2.885590, 0.821858
-6.093957, 6.155095, -2.885611, 0.633384
-6.122352, 6.147632, -2.886485, 0.372296
-6.134785, 6.144421, -2.886067, 0.151897
-6.138420, 6.143517, -2.887033, 0.012476
-6.138505, 6.143494, -2.887049, 0.003584
-6.138506, 6.143494, -2.887042, 0.003536
-6.156363, 6.138833, -2.886548, 0.846645
-6.210381, 6.124806, -2.887625, 0.992480
-6.267474, 6.109982, -2.887990, 1.001270
-6.318817, 6.096689, -2.888563, 1.000889
-6.347877, 6.089192, -2.888308, 1.000527
-6.402291, 6.075099, -2.888930, 0.693154
-6.418432, 6.070950, -2.890163, 0.471970
-6.440039, 6.065405, -2.890190, 0.238158
-6.449560, 6.062960, -2.890307, 0.085757
-6.463376, 6.059340, -2.879324, 0.462741
-6.482079, 6.054109, -2.858836, 0.783162
-6.543238, 6.034465, -2.791051, 0.875907
-6.588513, 6.015985, -2.720446, 0.885376
-6.619886, 6.001089, -2.676819, 0.690946
-6.646471, 5.987465, -2.662344, 0.405660
-6.661920, 5.979420, -2.659075, 0.203456
-6.665823, 5.977375, -2.658649, 0.091029
-6.675315, 5.972358, -2.655108, 0.622937
-6.711737, 5.953058, -2.654308, 0.983293
-6.742465, 5.936791, -2.654577, 0.999167
-6.799019, 5.906846, -2.654775, 1.000297
-6.846749, 5.881590, -2.654827, 1.000260
-6.869400, 5.869595, -2.654843, 0.902687
-6.905733, 5.850370, -2.654756, 0.435764
-6.920312, 5.842659, -2.654682, 0.584292
-6.961072, 5.821087, -2.654932, 0.976458
-7.011195, 5.794550, -2.655516, 0.998028
-7.049183, 5.774470, -2.655413, 1.000837
-7.106694, 5.744091, -2.656000, 1.000714
-7.131160, 5.731184, -2.655940, 0.937564
-7.176295, 5.707263, -2.657460, 0.739609
-7.223535, 5.682572, -2.656503, 0.974172
-7.251638, 5.667766, -2.656556, 0.992123
-7.284359, 5.650521, -2.656138, 1.003520
-7.333853, 5.624760, -2.654980, 0.985192
-7.386492, 5.596908, -2.654819, 1.005743
-7.422822, 5.577688, -2.654921, 0.828308
-7.457863, 5.559147, -2.654938, 0.441294
-7.468179, 5.553688, -2.654994, 0.367249
-7.483886, 5.545382, -2.654785, 0.128814
-7.485838, 5.544345, -2.654817, 0.023486
-7.512096, 5.530291, -2.641473, 0.905888
-7.538348, 5.515614, -2.610672, 0.855932
-7.587378, 5.484106, -2.531917, 0.895604
-7.613563, 5.464962, -2.490412, 0.960822
-7.662595, 5.424904, -2.412455, 0.844434
-7.680372, 5.408717, -2.394935, 0.567100
-7.698541, 5.391456, -2.389411, 0.251725
-7.705758, 5.384613, -2.389103, 0.059811
-7.706794, 5.383636, -2.389046, 0.038461
-7.708135, 5.382407, -2.388833, 0.008058
-7.708187, 5.382360, -2.388795, 0.000270
-7.708190, 5.382357, -2.388796, 0.001053
-7.708190, 5.382357, -2.388793, 0.000995
-7.725019, 5.367381, -2.406265, 0.506440
-7.744816, 5.349508, -2.404948, 0.763238
-7.762451, 5.333517, -2.406946, 0.946901
-7.815733, 5.285444, -2.408733, 1.002472
-7.839513, 5.264045, -2.408618, 0.997525
-7.888100, 5.220315, -2.408997, 0.802624
-7.912808, 5.198078, -2.409970, 0.749976
-7.930355, 5.182322, -2.408550, 0.926995
-7.974166, 5.142795, -2.406920, 0.999737
-8.023147, 5.098514, -2.406456, 1.000121
-8.046156, 5.077712, -2.406188, 1.001774
-8.096585, 5.032062, -2.406055, 1.000982
-8.115678, 5.014796, -2.405952, 0.939420
-8.146172, 4.987219, -2.406163, 0.484023
-8.163723, 4.971355, -2.406726, 0.236281
-8.167169, 4.968244, -2.406643, 0.086149
-8.167977, 4.967510, -2.406825, 0.000107
-8.167977, 4.967507, -2.406835, 0.002369
-8.167976, 4.967506, -2.406829, 0.002183
-8.167977, 4.967508, -2.406806, 0.002139
-8.167977, 4.967508, -2.406801, 0.002137
-8.174983, 4.961270, -2.388188, 0.550849
-8.214900, 4.921660, -2.347132, 0.910220
-8.238466, 4.897059, -2.302473, 0.836869
-8.278429, 4.848112, -2.212317, 0.890829
-8.296734, 4.822450, -2.172500, 0.963762
-8.317363, 4.791417, -2.128953, 0.960578
-8.345573, 4.741606, -2.051632, 0.601842
-8.355613, 4.722105, -2.041138, 0.326067
-8.360617, 4.712241, -2.039130, 0.103190
-8.361506, 4.710466, -2.039399, 0.014982
-8.361568, 4.710342, -2.039299, 0.000089
-8.361568, 4.710351, -2.039028, 0.000243
-8.361572, 4.710370, -2.038767, 0.006870
-8.361573, 4.710369, -2.038741, 0.005942
-8.367750, 4.698129, -2.020827, 0.610993
-8.379506, 4.672871, -1.995101, 0.818563
-8.402529, 4.618843, -1.937888, 0.912591
-8.412532, 4.590848, -1.893671, 0.887678
-8.422248, 4.559159, -1.846263, 0.916028
-8.432117, 4.520399, -1.802228, 0.534091
-8.437627, 4.496583, -1.795354, 0.209928
-8.438952, 4.490783, -1.794584, 0.071725
-8.439153, 4.489842, -1.794746, 0.007658
-8.439147, 4.489912, -1.794499, 0.003092
-8.439052, 4.490304, -1.794664, 0.019517
-8.438817, 4.491324, -1.794624, 0.022338
-8.438711, 4.491766, -1.794604, 0.007099
-8.438870, 4.491027, -1.795021, 0.144597
-8.448027, 4.450774, -1.793548, 0.905407
-8.455537, 4.417298, -1.791618, 0.985774
-8.463796, 4.380462, -1.790510, 0.991709
-8.478559, 4.314193, -1.790061, 0.791933
-8.483447, 4.292253, -1.790667, 0.566572
-8.489214, 4.266460, -1.790200, 0.331139
-8.490991, 4.258483, -1.790124, 0.274839
-8.503163, 4.204857, -1.794471, 0.963787
-8.509447, 4.177024, -1.793986, 0.989491
-8.525142, 4.107882, -1.793522, 1.001195
-8.535310, 4.062976, -1.793543, 1.001366
-8.541086, 4.037538, -1.792349, 0.768172
-8.548548, 4.004382, -1.793663, 0.320006
-8.550579, 3.995463, -1.793765, 0.140411
-8.554556, 3.971442, -1.775632, 0.555549
-8.559366, 3.948307, -1.775785, 0.772135
-8.567077, 3.911348, -1.776145, 0.981107
-8.581882, 3.840098, -1.775448, 1.002334
-8.589922, 3.801349, -1.776351, 0.819161
-8.596642, 3.769260, -1.776847, 0.456182
-8.599666, 3.754523, -1.775405, 0.618375
-8.610949, 3.695664, -1.721288, 0.843343
-8.614710, 3.666216, -1.680823, 0.849873
-8.617674, 3.630776, -1.632440, 0.886430
-8.619278, 3.556999, -1.546543, 1.025080
-8.617344, 3.521060, -1.491859, 0.978243
-8.613836, 3.488142, -1.443018, 0.867656
-8.608089, 3.448949, -1.414454, 0.348538
-8.606696, 3.440151, -1.412786, 0.142036
-8.605752, 3.434213, -1.412646, 0.230502
-8.603474, 3.419946, -1.412243, 0.580538
-8.594723, 3.365190, -1.411475, 0.995484
-8.589835, 3.334636, -1.411289, 1.006409
-8.580088, 3.274079, -1.410306, 0.896845
-8.573602, 3.233983, -1.411142, 0.488132
-8.570619, 3.215393, -1.411345, 0.372761
-8.566461, 3.189598, -1.411371, 0.706059
-8.562064, 3.162279, -1.410562, 0.972284
-8.552078, 3.100623, -1.409661, 0.999671
-8.545334, 3.059142, -1.409464, 1.001523
-8.534391, 2.991976, -1.409387, 1.001252
-8.528761, 2.957413, -1.409346, 0.997652
-8.523612, 2.925832, -1.409548, 0.999773
-8.514868, 2.872076, -1.409352, 0.970741
-8.504266, 2.807215, -1.409562, 1.002304
-8.499335, 2.776826, -1.409645, 0.996439
-8.488880, 2.712744, -1.408992, 1.002894
-8.484154, 2.683961, -1.408436, 0.897478
-8.476486, 2.637750, -1.408807, 0.475630
-8.474321, 2.624554, -1.408883, 0.371290
-8.470896, 2.603714, -1.409779, 0.525913
-8.467285, 2.581180, -1.410097, 0.918460
-8.456892, 2.516958, -1.410559, 0.998140
-8.451934, 2.486355, -1.410496, 1.007207
-8.440971, 2.419241, -1.410450, 1.000537
-8.434204, 2.377472, -1.410740, 0.983075
-8.424920, 2.319985, -1.410943, 0.812081
-8.421448, 2.298493, -1.410891, 0.574810
-8.417123, 2.271667, -1.411010, 0.316391
-8.415666, 2.262640, -1.411119, 0.180763
-8.413507, 2.249235, -1.411208, 0.496834
-8.410433, 2.230132, -1.410798, 0.901741
-8.400893, 2.171327, -1.409894, 0.995102
-8.395598, 2.138751, -1.409607, 1.001280
-8.382083, 2.055799, -1.409336, 1.000888
-8.377424, 2.027162, -1.409254, 1.002728
-8.366479, 1.960041, -1.409365, 1.001509
-8.358966, 1.913891, -1.409364, 0.946132
-8.352229, 1.872707, -1.409384, 0.599107
-8.350139, 1.860071, -1.410129, 0.472916
-8.345618, 1.832303, -1.410846, 0.291688
-8.344416, 1.824992, -1.411081, 0.190235
-8.343044, 1.816564, -1.411219, 0.116946
-8.340134, 1.798366, -1.411758, 0.839387
-8.334098, 1.760566, -1.411456, 0.931691
-8.322499, 1.688339, -1.411568, 1.001760
-8.317424, 1.656740, -1.411688, 1.003167
-8.307592, 1.595761, -1.411814, 1.001651
-8.297641, 1.533732, -1.411743, 1.012282
-8.293191, 1.505973, -1.411875, 1.002038
-8.282795, 1.441100, -1.411974, 0.997693
-8.277799, 1.409914, -1.411937, 0.831956
-8.273350, 1.382137, -1.412002, 0.549823
-8.268562, 1.352235, -1.412060, 0.297087
-8.267199, 1.343720, -1.412112, 0.228621
-8.265374, 1.332310, -1.412198, 0.116681
-8.265056, 1.330292, -1.412169, 0.012336
-8.265018, 1.330045, -1.412144, 0.008919
-8.264923, 1.329449, -1.412186, 0.014400
-8.264855, 1.329013, -1.412181, 0.013690
-8.264766, 1.328452, -1.412160, 0.011816
-8.264718, 1.328141, -1.412113, 0.009163
-8.264692, 1.327960, -1.412079, 0.003784
-8.264638, 1.327622, -1.412066, 0.003599
-8.264615, 1.327479, -1.412065, 0.003662
-8.264589, 1.327335, -1.412075, 0.006883
-8.264412, 1.326238, -1.411939, 0.113470
-8.263353, 1.319652, -1.412306, 0.361651
-8.255148, 1.268283, -1.412879, 0.984633
-8.247759, 1.221663, -1.413533, 0.990306
-8.243546, 1.195093, -1.413695, 1.001243
-8.233189, 1.129583, -1.414165, 0.637380
-8.230301, 1.111257, -1.414259, 0.457458
-8.226302, 1.085863, -1.414378, 0.330182
-8.224368, 1.073632, -1.411813, 0.558587
-8.213629, 1.013714, -1.362745, 0.889504
-8.207499, 0.987359, -1.325851, 0.866066
-8.198722, 0.955545, -1.280864, 0.888532
-8.174382, 0.886725, -1.187740, 0.827890
-8.164464, 0.863156, -1.173533, 0.596538
-8.153115, 0.836369, -1.166940, 0.210158
-8.151264, 0.832026, -1.166679, 0.081696
-8.151264, 0.832026, -1.166679, 0.081696
-8.150639, 0.830629, -1.166444, 0.020061
-8.150863, 0.831177, -1.166472, 0.009848
-8.151052, 0.831679, -1.166501, 0.010493
-8.151486, 0.832772, -1.166453, 0.026996
-8.151801, 0.833528, -1.166411, 0.008442
-8.151479, 0.833164, -1.168910, 0.152607
-8.137678, 0.797947, -1.186916, 0.724109
-8.122817, 0.761293, -1.184968, 0.950335
-8.111077, 0.732355, -1.185380, 0.993714
-8.083650, 0.664727, -1.185359, 0.999916
-8.067441, 0.624819, -1.184403, 0.987250
-8.057399, 0.600124, -1.183897, 0.695509
-8.043588, 0.565975, -1.180846, 0.615945
-8.032322, 0.539429, -1.163537, 0.771891
-8.007879, 0.485395, -1.115808, 0.917990
-7.991383, 0.453722, -1.064672, 0.880188
-7.977634, 0.430149, -1.024831, 0.879563
-7.936237, 0.368874, -0.935923, 0.999812
-7.916028, 0.342462, -0.888617, 0.831120
-7.901048, 0.324525, -0.869155, 0.495276
-7.885285, 0.306074, -0.862733, 0.179708
-7.882542, 0.302873, -0.862439, 0.077004
-7.881716, 0.301908, -0.862282, 0.004757
-7.881834, 0.302049, -0.862297, 0.003719
-7.881926, 0.302148, -0.862221, 0.007903
-7.861731, 0.279132, -0.845529, 0.768993
-7.835004, 0.248922, -0.848208, 0.965098
-7.813435, 0.224460, -0.848592, 0.991297
-7.766625, 0.171249, -0.849325, 0.969909
-7.746293, 0.148153, -0.848804, 0.664636
-7.725385, 0.124469, -0.850437, 0.330075
-7.719862, 0.118158, -0.850036, 0.147417
-7.717835, 0.115855, -0.850380, 0.005736
-7.717828, 0.115843, -0.850320, 0.004626
-7.717824, 0.115842, -0.850327, 0.003550
-7.717827, 0.115843, -0.850304, 0.003578
-7.717826, 0.115842, -0.850289, 0.003696
-7.717823, 0.115841, -0.850298, 0.003777
-7.717826, 0.115841, -0.850263, 0.003908
-7.717822, 0.115840, -0.850272, 0.004003
-7.700434, 0.096640, -0.843443, 0.717284
-7.671081, 0.063665, -0.841739, 0.925237
-7.651856, 0.042159, -0.841562, 0.991095
-7.609915, -0.004756, -0.840867, 1.002863
-7.589890, -0.027143, -0.840824, 1.001809
-7.551518, -0.070015, -0.841329, 0.521371
-7.537311, -0.085904, -0.841557, 0.226423
-7.533540, -0.090117, -0.841587, 0.163317
-7.530664, -0.093328, -0.841586, 0.101495
-7.529655, -0.094461, -0.841541, 0.004502
-7.530012, -0.094063, -0.841540, 0.006293
-7.530167, -0.093892, -0.841536, 0.007981
-7.530351, -0.093685, -0.841542, 0.005231
-7.530633, -0.093369, -0.841548, 0.004048
-7.530722, -0.093269, -0.841550, 0.003598
-7.530848, -0.093128, -0.841554, 0.002827
-7.530964, -0.092999, -0.841554, 0.003638
-7.531020, -0.092936, -0.841560, 0.002277
-7.529502, -0.094585, -0.840579, 0.195489
-7.511886, -0.113740, -0.812821, 0.739896
-7.468185, -0.157555, -0.751072, 0.916524
-7.445078, -0.178107, -0.704273, 0.869312
-7.398332, -0.214444, -0.623278, 0.703203
-7.383840, -0.224742, -0.612789, 0.531730
-7.360910, -0.240774, -0.604277, 0.561216
-7.340692, -0.254611, -0.601144, 0.920912
-7.290362, -0.289000, -0.598284, 0.999160
-7.263921, -0.307015, -0.597530, 1.000023
-7.213477, -0.341329, -0.597090, 1.000323
-7.179581, -0.364370, -0.596910, 0.981417
-7.149233, -0.384951, -0.598435, 0.442692
-7.136184, -0.393840, -0.598121, 0.170066
-7.129344, -0.398510, -0.595233, 0.313876
-7.098865, -0.418273, -0.553069, 0.759112
-7.075012, -0.432488, -0.524423, 0.947112
-7.025234, -0.459341, -0.452827, 0.849806
-6.996036, -0.472678, -0.404501, 0.807506
-6.963527, -0.485920, -0.377717, 0.430043
-6.952323, -0.490350, -0.374567, 0.337220
-6.936135, -0.496690, -0.372738, 0.179457
-6.931889, -0.498349, -0.372647, 0.103448
-6.929277, -0.499375, -0.372537, 0.007563
-6.929248, -0.499389, -0.372506, 0.003756
-6.929243, -0.499389, -0.372517, 0.003813
-6.927104, -0.500211, -0.371451, 0.229011
-6.913137, -0.505550, -0.357690, 0.660626
-6.850877, -0.526962, -0.297132, 0.929216
-6.819690, -0.535673, -0.250007, 0.857795
-6.788355, -0.542847, -0.203236, 0.872083
-6.718694, -0.553582, -0.104153, 0.971591
-6.686660, -0.556334, -0.057349, 0.915788
-6.658425, -0.557491, -0.024272, 0.573964
-6.639250, -0.557858, -0.014468, 0.282705
-6.631287, -0.557961, -0.012435, 0.023809
-6.631037, -0.557963, -0.012346, 0.005918
-6.631319, -0.557968, -0.012334, 0.010713
-6.622973, -0.558085, -0.012883, 0.408562
-6.604150, -0.558332, -0.013068, 0.797842
-6.568804, -0.558810, -0.015103, 0.972053
-6.489259, -0.560072, -0.016426, 1.001426
-6.456241, -0.560627, -0.016907, 1.001424
-6.394440, -0.561689, -0.016942, 0.678056
-6.370879, -0.562093, -0.017285, 0.452799
-6.358291, -0.562928, -0.015143, 0.329949
-6.315687, -0.563852, -0.019673, 0.770324
-6.278696, -0.564553, -0.018444, 0.954321
-6.243256, -0.565206, -0.018176, 0.993514
-6.169303, -0.566536, -0.018195, 1.000385
-6.119655, -0.567452, -0.018072, 0.920904
-6.098382, -0.567830, -0.018011, 0.687126
-6.065087, -0.568451, -0.018057, 0.448622
-6.044229, -0.568839, -0.019662, 0.834978
-5.972777, -0.570353, -0.022349, 1.000369
-5.924899, -0.571459, -0.023347, 0.998744
-5.896887, -0.572110, -0.023352, 1.001300
-5.821865, -0.573871, -0.023609, 0.999970
-5.788220, -0.574706, -0.023709, 0.916774
-5.762318, -0.575315, -0.024012, 0.541473
-5.742339, -0.575789, -0.024159, 0.412393
-5.700710, -0.576794, -0.024961, 0.920260
-5.665627, -0.577698, -0.025977, 0.994374
-5.595971, -0.579533, -0.026627, 1.000539
-5.558971, -0.580511, -0.026651, 1.001747
-5.490937, -0.582317, -0.026542, 1.000955
-5.454833, -0.583285, -0.025727, 0.634279
-5.436144, -0.583762, -0.025034, 0.434525
-5.416922, -0.584238, -0.024641, 0.099506
-5.415557, -0.584273, -0.024572, 0.001188
-5.415688, -0.584269, -0.024572, 0.005038
-5.415959, -0.584265, -0.024548, 0.017245
-5.399479, -0.584682, -0.024929, 0.516286
-5.348334, -0.585955, -0.025918, 0.984622
-5.313740, -0.586847, -0.026472, 0.988472
-5.278825, -0.587782, -0.027005, 1.000366
-5.204253, -0.589814, -0.027166, 0.771705
-5.178006, -0.590522, -0.027472, 0.533443
-5.162653, -0.590964, -0.027330, 0.405748
-5.137560, -0.591663, -0.027766, 0.230828
-5.130687, -0.591860, -0.027704, 0.058662
-5.130087, -0.591873, -0.027868, 0.004039
-5.130041, -0.591875, -0.027822, 0.003361
-5.104897, -0.592483, -0.022667, 0.923819
-5.078870, -0.593115, -0.023132, 0.980805
-5.005105, -0.594836, -0.023484, 0.997817
-4.976110, -0.595514, -0.023570, 1.003307
-4.926133, -0.596721, -0.023544, 0.997536
-4.858816, -0.598291, -0.023448, 1.013036
-4.828022, -0.599034, -0.023386, 0.843138
-4.788842, -0.599948, -0.023393, 0.434228
-4.775957, -0.600250, -0.023467, 0.324776
-4.761184, -0.600598, -0.023464, 0.097029
-4.759381, -0.600641, -0.023480, 0.011905
-4.729235, -0.601343, -0.023354, 0.935978
-4.697926, -0.602069, -0.023398, 0.991009
-4.629036, -0.603637, -0.023199, 1.002829
-4.596041, -0.604376, -0.023599, 1.011924
-4.553148, -0.605346, -0.023155, 0.978211
-4.507664, -0.606455, -0.021391, 0.500788
-4.493866, -0.606773, -0.021621, 0.295940
-4.467496, -0.607321, -0.021820, 0.593193
-4.419322, -0.608385, -0.022233, 0.979778
-4.391531, -0.609002, -0.022395, 0.998455
-4.323710, -0.610526, -0.022792, 1.000487
-4.292719, -0.611239, -0.023191, 0.982034
-4.244566, -0.612387, -0.023663, 0.509754
-4.228319, -0.612767, -0.023686, 0.391960
-4.207472, -0.613273, -0.023537, 0.240842
-4.202134, -0.613400, -0.023542, 0.076928
-4.200857, -0.613434, -0.023300, 0.108707
-4.186468, -0.613758, -0.023621, 0.701689
-4.127683, -0.615220, -0.024693, 0.988130
-4.092806, -0.616071, -0.024932, 1.000978
-4.024776, -0.617781, -0.025779, 1.001070
-3.958824, -0.619471, -0.025900, 1.000201
-3.926828, -0.620301, -0.025864, 0.996776
-3.874368, -0.621656, -0.025442, 0.536330
-3.859320, -0.622034, -0.025308, 0.403027
-3.847413, -0.622342, -0.025285, 0.338564
-3.828974, -0.622810, -0.025261, 0.241231
-3.816861, -0.623115, -0.025298, 0.515124
-3.746702, -0.624848, -0.025581, 0.986615
-3.706689, -0.625761, -0.025050, 1.005112
-3.646079, -0.627283, -0.025200, 1.003490
-3.616053, -0.628041, -0.025231, 0.999031
-3.556020, -0.629572, -0.025100, 0.974094
-3.512278, -0.630670, -0.025025, 1.005364
-3.455925, -0.632071, -0.025157, 0.680505
-3.438651, -0.632518, -0.024778, 0.523044
-3.411856, -0.633175, -0.024531, 0.353897
-3.399366, -0.633492, -0.024308, 0.288606
-3.386843, -0.633802, -0.024355, 0.092641
-3.386843, -0.633802, -0.024355, 0.092641
-3.385403, -0.633834, -0.024351, 0.001915
-3.385232, -0.633831, -0.024619, 0.078972
-3.333341, -0.634876, 0.007460, 0.871832
-3.307182, -0.634219, 0.042014, 0.835136
-3.248726, -0.629415, 0.119751, 0.933045
-3.187171, -0.619563, 0.196547, 0.922176
-3.158934, -0.613484, 0.219264, 0.586509
-3.133753, -0.606657, 0.222717, 0.163620
-3.130600, -0.605951, 0.223073, 0.088729
-3.129568, -0.605718, 0.223201, 0.005315
-3.129774, -0.605764, 0.223197, 0.006145
-3.130227, -0.605867, 0.223189, 0.005784
-3.130466, -0.605921, 0.223186, 0.005311
-3.130667, -0.605966, 0.223183, 0.004930
-3.128365, -0.605444, 0.223144, 0.184904
-3.118578, -0.603223, 0.223124, 0.437875
-3.099335, -0.598856, 0.223108, 0.765093
-3.025969, -0.582194, 0.223206, 0.993484
-2.990873, -0.574220, 0.223716, 1.006918
-2.922186, -0.558608, 0.223549, 0.997699
-2.891988, -0.551633, 0.223111, 0.890476
-2.861784, -0.544286, 0.221594, 0.652713
-2.838529, -0.539522, 0.224460, 0.135101
-2.836223, -0.538998, 0.224500, 0.010090
-2.836135, -0.538979, 0.224518, 0.000055
-2.836074, -0.538965, 0.224524, 0.026105
-2.831746, -0.537964, 0.224431, 0.240922
-2.814956, -0.534127, 0.224496, 0.544878
-2.748015, -0.518831, 0.225095, 0.986440
-2.715249, -0.511329, 0.225234, 0.990839
-2.670475, -0.501071, 0.224979, 0.963611
-2.630374, -0.491899, 0.224645, 0.505924
-2.616521, -0.488723, 0.225215, 0.360510
-2.594331, -0.483629, 0.224649, 0.515658
-2.564620, -0.476846, 0.224977, 0.975163
-2.531785, -0.469308, 0.225579, 0.996193
-2.460669, -0.453004, 0.225148, 1.002445
-2.425574, -0.444949, 0.225060, 1.017988
-2.382452, -0.435161, 0.225369, 0.829463
-2.339168, -0.425215, 0.225829, 0.439857
-2.327403, -0.422452, 0.225386, 0.317192
-2.311836, -0.418820, 0.226336, 0.531598
-2.266679, -0.408537, 0.225820, 0.759213
-2.237754, -0.401912, 0.225917, 0.965126
-2.198150, -0.392808, 0.226050, 1.002342
-2.127707, -0.376601, 0.226458, 0.812424
-2.106487, -0.371711, 0.226878, 0.594264
-2.089900, -0.367878, 0.227160, 0.429351
-2.065837, -0.362357, 0.227341, 0.179927
-2.057282, -0.360362, 0.227258, 0.378073
-2.038797, -0.356084, 0.227376, 0.646244
-1.962588, -0.338408, 0.227577, 0.976961
-1.935555, -0.332147, 0.227865, 0.997560
-1.902657, -0.324518, 0.227953, 0.940600
-1.853374, -0.313065, 0.227631, 0.380218
-1.843716, -0.310829, 0.228279, 0.240593
-1.838880, -0.309701, 0.228198, 0.040965
-1.838471, -0.309602, 0.227897, 0.002856
-1.838469, -0.309609, 0.227920, 0.002718
-1.838461, -0.309621, 0.227974, 0.003132
-1.832165, -0.308148, 0.227856, 0.433657
-1.807147, -0.302347, 0.228258, 0.950336
-1.733769, -0.285241, 0.229100, 1.003638
-1.700667, -0.277507, 0.228899, 1.002746
-1.659757, -0.267974, 0.228755, 1.002817
-1.589492, -0.251564, 0.229578, 0.959055
-1.567963, -0.246540, 0.229746, 0.634500
-1.541467, -0.240306, 0.230050, 0.160562
-1.538407, -0.239565, 0.229928, 0.034898
-1.537996, -0.239463, 0.229439, 0.006619
-1.537484, -0.239347, 0.229446, 0.013785
-1.517177, -0.234604, 0.229379, 0.654147
-1.490035, -0.228269, 0.229423, 0.979423
-1.431060, -0.214466, 0.229153, 0.997151
-1.397970, -0.206751, 0.229047, 0.996433
-1.336962, -0.192460, 0.229673, 0.784248
-1.315862, -0.187525, 0.229507, 0.586607
-1.267065, -0.176159, 0.229081, 0.980763
-1.236243, -0.168968, 0.229052, 0.995013
-1.176594, -0.155031, 0.229408, 1.015660
-1.116752, -0.141024, 0.229134, 0.998340
-1.074366, -0.131090, 0.228861, 0.976761
-1.046241, -0.124536, 0.228755, 0.872496
-1.001131, -0.114027, 0.228575, 0.398291
-0.991228, -0.111718, 0.228463, 0.308549
-0.975859, -0.108143, 0.228451, 0.199142
-0.970727, -0.106947, 0.228378, 0.129154
-0.950739, -0.102306, 0.228327, 0.613559
-0.923781, -0.096049, 0.228499, 0.973511
-0.862777, -0.081761, 0.228942, 0.995844
-0.803180, -0.067858, 0.229043, 1.002966
-0.775076, -0.061287, 0.228954, 0.954284
-0.724267, -0.049223, 0.228224, 0.506854
-0.710098, -0.045939, 0.228429, 0.454564
-0.683145, -0.039651, 0.229522, 0.939456
-0.653181, -0.032667, 0.229250, 0.986259
-0.568565, -0.012965, 0.228377, 1.001016
-0.509108, 0.000849, 0.228121, 0.994680
-0.481240, 0.007322, 0.227943, 0.755871
-0.449448, 0.014699, 0.228512, 0.442732
-0.435015, 0.017931, 0.228798, 0.292005
-0.398626, 0.026410, 0.228830, 0.771117
-0.374391, 0.032047, 0.228726, 0.961406
-0.310723, 0.046879, 0.228717, 0.989828
-0.281586, 0.053676, 0.229088, 1.001025
-0.226516, 0.066520, 0.228797, 0.803984
-0.196930, 0.073388, 0.228208, 0.512882
-0.170862, 0.079404, 0.228086, 0.336426
-0.161046, 0.081679, 0.228055, 0.267913
-0.152594, 0.083640, 0.228060, 0.017566
-0.152442, 0.083675, 0.228063, 0.000662
-0.152434, 0.083678, 0.228059, 0.001861
-0.152432, 0.083678, 0.228065, 0.001729
-0.152432, 0.083676, 0.228080, 0.001681
-0.152428, 0.083677, 0.228086, 0.001540
-0.152426, 0.083677, 0.228094, 0.001554
-0.152425, 0.083677, 0.228100, 0.001473
-0.152423, 0.083677, 0.228108, 0.001433
-0.152422, 0.083678, 0.228103, 0.001506
-0.152421, 0.083679, 0.228106, 0.001389
-0.152421, 0.083679, 0.228112, 0.001349
-0.152421, 0.083678, 0.228123, 0.001344
-0.152420, 0.083679, 0.228121, 0.001310
-0.152421, 0.083678, 0.228131, 0.001290
-0.152420, 0.083678, 0.228136, 0.001281
-0.152419, 0.083679, 0.228132, 0.001258
-0.152419, 0.083679, 0.228137, 0.001239
-0.152419, 0.083679, 0.228140, 0.001214
-0.152419, 0.083678, 0.228150, 0.001144
-0.152419, 0.083678, 0.228156, 0.001068
-0.152419, 0.083679, 0.228151, 0.001096
-0.152419, 0.083679, 0.228152, 0.001159
